origin_city;destination_city
London,STN;Aalborg,AAL
Gdansk,GDN;Aarhus,AAR
London,STN;Aarhus,AAR
Malaga,AGP;Aberdeen,ABZ
Alicante,ALC;Aberdeen,ABZ
Barcelona,BCN;Arrecife,ACE
Belfast,BFS;Arrecife,ACE
Bergamo,BGY;Arrecife,ACE
Birmingham,BHX;Arrecife,ACE
Bologna,BLQ;Arrecife,ACE
Bristol,BRS;Arrecife,ACE
Charleroi,CRL;Arrecife,ACE
Dublin,DUB;Arrecife,ACE
Edinburgh,EDI;Arrecife,ACE
Eindhoven,EIN;Arrecife,ACE
East Midlands,EMA;Arrecife,ACE
Rome,FCO;Arrecife,ACE
Frankfurt,FRA;Arrecife,ACE
Glasgow,GLA;Arrecife,ACE
Hahn,HHN;Arrecife,ACE
Leeds,LBA;Arrecife,ACE
Liverpool,LPL;Arrecife,ACE
London,LTN;Arrecife,ACE
Madrid,MAD;Arrecife,ACE
Manchester,MAN;Arrecife,ACE
Newcastle,NCL;Arrecife,ACE
Connaught,NOC;Arrecife,ACE
Weeze,NRN;Arrecife,ACE
Cork,ORK;Arrecife,ACE
Prestwick,PIK;Arrecife,ACE
Santiago,SCQ;Arrecife,ACE
Shannon,SNN;Arrecife,ACE
London,STN;Arrecife,ACE
Sevilla,SVQ;Arrecife,ACE
Berlin,SXF;Arrecife,ACE
Valencia,VLC;Arrecife,ACE
Charleroi,CRL;Agadir,AGA
London,STN;Agadir,AGA
Aberdeen,ABZ;Malaga,AGP
Amsterdam,AMS;Malaga,AGP
Barcelona,BCN;Malaga,AGP
Belfast,BFS;Malaga,AGP
Bergamo,BGY;Malaga,AGP
Birmingham,BHX;Malaga,AGP
Billund,BLL;Malaga,AGP
Bologna,BLQ;Malaga,AGP
Bournemouth,BOH;Malaga,AGP
Bremen,BRE;Malaga,AGP
Bristol,BRS;Malaga,AGP
Brussels,BRU;Malaga,AGP
Budapest,BUD;Malaga,AGP
Cologne,CGN;Malaga,AGP
Copenhagen,CPH;Malaga,AGP
Charleroi,CRL;Malaga,AGP
Dortmund,DTM;Malaga,AGP
Dublin,DUB;Malaga,AGP
Edinburgh,EDI;Malaga,AGP
Eindhoven,EIN;Malaga,AGP
East Midlands,EMA;Malaga,AGP
Rome,FCO;Malaga,AGP
Karlsruhe/Baden-Baden,FKB;Malaga,AGP
Memmingen,FMM;Malaga,AGP
Frankfurt,FRA;Malaga,AGP
Glasgow,GLA;Malaga,AGP
Gothenborg,GOT;Malaga,AGP
Hahn,HHN;Malaga,AGP
Ibiza,IBZ;Malaga,AGP
Krakow,KRK;Malaga,AGP
Leeds,LBA;Malaga,AGP
Liverpool,LPL;Malaga,AGP
Manchester,MAN;Malaga,AGP
Marseille,MRS;Malaga,AGP
Newcastle,NCL;Malaga,AGP
Weeze,NRN;Malaga,AGP
Stockholm,NYO;Malaga,AGP
Cork,ORK;Malaga,AGP
Prestwick,PIK;Malaga,AGP
Palma de Mallorca,PMI;Malaga,AGP
Prague,PRG;Malaga,AGP
Santiago,SCQ;Malaga,AGP
Santander,SDR;Malaga,AGP
Shannon,SNN;Malaga,AGP
London,STN;Malaga,AGP
Berlin,SXF;Malaga,AGP
Treviso,TSF;Malaga,AGP
Warsaw,WMI;Malaga,AGP
Wroclaw,WRO;Malaga,AGP
Bergamo,BGY;Alghero,AHO
Bologna,BLQ;Alghero,AHO
Pisa,PSA;Alghero,AHO
Aberdeen,ABZ;Alicante,ALC
Belfast,BFS;Alicante,ALC
Bergamo,BGY;Alicante,ALC
Birmingham,BHX;Alicante,ALC
Billund,BLL;Alicante,ALC
Bournemouth,BOH;Alicante,ALC
Bremen,BRE;Alicante,ALC
Bristol,BRS;Alicante,ALC
Brussels,BRU;Alicante,ALC
Beauvais,BVA;Alicante,ALC
Cologne,CGN;Alicante,ALC
Copenhagen,CPH;Alicante,ALC
Charleroi,CRL;Alicante,ALC
Dublin,DUB;Alicante,ALC
Edinburgh,EDI;Alicante,ALC
Eindhoven,EIN;Alicante,ALC
East Midlands,EMA;Alicante,ALC
Rome,FCO;Alicante,ALC
Karlsruhe/Baden-Baden,FKB;Alicante,ALC
Memmingen,FMM;Alicante,ALC
Frankfurt,FRA;Alicante,ALC
Glasgow,GLA;Alicante,ALC
Gothenborg,GOT;Alicante,ALC
Hamburg,HAM;Alicante,ALC
Hahn,HHN;Alicante,ALC
Krakow,KRK;Alicante,ALC
Kaunas,KUN;Alicante,ALC
Leeds,LBA;Alicante,ALC
London,LGW;Alicante,ALC
Liverpool,LPL;Alicante,ALC
Manchester,MAN;Alicante,ALC
Maastricht,MST;Alicante,ALC
Milano,MXP;Alicante,ALC
Newcastle,NCL;Alicante,ALC
Weeze,NRN;Alicante,ALC
Stockholm,NYO;Alicante,ALC
Prestwick,PIK;Alicante,ALC
Poznan,POZ;Alicante,ALC
Santiago,SCQ;Alicante,ALC
London,STN;Alicante,ALC
Berlin,SXF;Alicante,ALC
Sandefjord,TRF;Alicante,ALC
Warsaw,WMI;Alicante,ALC
Malaga,AGP;Amsterdam,AMS
Dublin,DUB;Amsterdam,AMS
Charleroi,CRL;Ancona,AOI
London,STN;Ancona,AOI
Bergamo,BGY;Athens,ATH
Bologna,BLQ;Athens,ATH
Bratislava,BTS;Athens,ATH
Budapest,BUD;Athens,ATH
Rome,CIA;Athens,ATH
Charleroi,CRL;Athens,ATH
Frankfurt,FRA;Athens,ATH
Thira,JTR;Athens,ATH
Krakow,KRK;Athens,ATH
Katowice,KTW;Athens,ATH
Malta,MLA;Athens,ATH
Bucharest,OTP;Athens,ATH
Poznan,POZ;Athens,ATH
Rhodos,RHO;Athens,ATH
Thessaloniki,SKG;Athens,ATH
Sofia,SOF;Athens,ATH
London,STN;Athens,ATH
Berlin,SXF;Athens,ATH
Warsaw,WMI;Athens,ATH
Arrecife,ACE;Barcelona,BCN
Malaga,AGP;Barcelona,BCN
Bergamo,BGY;Barcelona,BCN
Birmingham,BHX;Barcelona,BCN
Bologna,BLQ;Barcelona,BCN
Brussels,BRU;Barcelona,BCN
Budapest,BUD;Barcelona,BCN
Beauvais,BVA;Barcelona,BCN
Cologne,CGN;Barcelona,BCN
Charleroi,CRL;Barcelona,BCN
Dublin,DUB;Barcelona,BCN
Edinburgh,EDI;Barcelona,BCN
Rome,FCO;Barcelona,BCN
Fes,FEZ;Barcelona,BCN
Frankfurt,FRA;Barcelona,BCN
Fuerteventura,FUE;Barcelona,BCN
Hamburg,HAM;Barcelona,BCN
Ibiza,IBZ;Barcelona,BCN
Krakow,KRK;Barcelona,BCN
Gran Canaria,LPA;Barcelona,BCN
Liverpool,LPL;Barcelona,BCN
Luxemburg,LUX;Barcelona,BCN
Manchester,MAN;Barcelona,BCN
Naples,NAP;Barcelona,BCN
El Aroui,NDR;Barcelona,BCN
Stockholm,NYO;Barcelona,BCN
Porto,OPO;Barcelona,BCN
Prestwick,PIK;Barcelona,BCN
Palma de Mallorca,PMI;Barcelona,BCN
Prague,PRG;Barcelona,BCN
Marrakech,RAK;Barcelona,BCN
Santiago,SCQ;Barcelona,BCN
Santander,SDR;Barcelona,BCN
Sofia,SOF;Barcelona,BCN
London,STN;Barcelona,BCN
Sevilla,SVQ;Barcelona,BCN
Berlin,SXF;Barcelona,BCN
Tenerife,TFN;Barcelona,BCN
Tenerife,TFS;Barcelona,BCN
Torino,TRN;Barcelona,BCN
Venice,VCE;Barcelona,BCN
Vigo,VGO;Barcelona,BCN
Valladolid,VLL;Barcelona,BCN
Vilnius,VNO;Barcelona,BCN
Warsaw,WMI;Barcelona,BCN
Jerez,XRY;Barcelona,BCN
Bergamo,BGY;Brindisi,BDS
Bologna,BLQ;Brindisi,BDS
Charleroi,CRL;Brindisi,BDS
Eindhoven,EIN;Brindisi,BDS
Rome,FCO;Brindisi,BDS
Frankfurt,FRA;Brindisi,BDS
Pisa,PSA;Brindisi,BDS
London,STN;Brindisi,BDS
Torino,TRN;Brindisi,BDS
Treviso,TSF;Brindisi,BDS
Marseille,MRS;Brest,BES
Arrecife,ACE;Belfast,BFS
Malaga,AGP;Belfast,BFS
Alicante,ALC;Belfast,BFS
Bergamo,BGY;Belfast,BFS
Gdansk,GDN;Belfast,BFS
Krakow,KRK;Belfast,BFS
Malta,MLA;Belfast,BFS
Berlin,SXF;Belfast,BFS
Tenerife,TFS;Belfast,BFS
Warsaw,WMI;Belfast,BFS
Wroclaw,WRO;Belfast,BFS
Arrecife,ACE;Bergamo,BGY
Malaga,AGP;Bergamo,BGY
Alghero,AHO;Bergamo,BGY
Alicante,ALC;Bergamo,BGY
Athens,ATH;Bergamo,BGY
Barcelona,BCN;Bergamo,BGY
Brindisi,BDS;Bergamo,BGY
Belfast,BFS;Bergamo,BGY
Bordeaux,BOD;Bergamo,BGY
Bari,BRI;Bergamo,BGY
Bristol,BRS;Bergamo,BGY
Bratislava,BTS;Bergamo,BGY
Budapest,BUD;Bergamo,BGY
Beauvais,BVA;Bergamo,BGY
Cagliari,CAG;Bergamo,BGY
Cologne,CGN;Bergamo,BGY
Copenhagen,CPH;Bergamo,BGY
Charleroi,CRL;Bergamo,BGY
Catania,CTA;Bergamo,BGY
Dublin,DUB;Bergamo,BGY
Edinburgh,EDI;Bergamo,BGY
Eindhoven,EIN;Bergamo,BGY
East Midlands,EMA;Bergamo,BGY
Fes,FEZ;Bergamo,BGY
Frankfurt,FRA;Bergamo,BGY
Fuerteventura,FUE;Bergamo,BGY
Gdansk,GDN;Bergamo,BGY
Hamburg,HAM;Bergamo,BGY
Nis,INI;Bergamo,BGY
Krakow,KRK;Bergamo,BGY
Lisbon,LIS;Bergamo,BGY
Gran Canaria,LPA;Bergamo,BGY
Luxemburg,LUX;Bergamo,BGY
Madrid,MAD;Bergamo,BGY
Manchester,MAN;Bergamo,BGY
Malta,MLA;Bergamo,BGY
Naples,NAP;Bergamo,BGY
Weeze,NRN;Bergamo,BGY
Nuernberg,NUE;Bergamo,BGY
Stockholm,NYO;Bergamo,BGY
Oradea,OMR;Bergamo,BGY
Porto,OPO;Bergamo,BGY
Ostrava,OSR;Bergamo,BGY
Bucharest,OTP;Bergamo,BGY
Plovdiv,PDV;Bergamo,BGY
Palermo,PMO;Bergamo,BGY
Prague,PRG;Bergamo,BGY
Pescara,PSR;Bergamo,BGY
Marrakech,RAK;Bergamo,BGY
Riga,RIX;Bergamo,BGY
Santiago,SCQ;Bergamo,BGY
Thessaloniki,SKG;Bergamo,BGY
London,STN;Bergamo,BGY
Lamezia,SUF;Bergamo,BGY
Sevilla,SVQ;Bergamo,BGY
Berlin,SXF;Bergamo,BGY
Tenerife,TFS;Bergamo,BGY
Tallinn-ulemiste International,TLL;Bergamo,BGY
Tel-aviv,TLV;Bergamo,BGY
Trapani,TPS;Bergamo,BGY
Sandefjord,TRF;Bergamo,BGY
Timisoara,TSR;Bergamo,BGY
Ovda,VDA;Bergamo,BGY
Vitoria,VIT;Bergamo,BGY
Valencia,VLC;Bergamo,BGY
Vilnius,VNO;Bergamo,BGY
Warsaw,WMI;Bergamo,BGY
Wroclaw,WRO;Bergamo,BGY
Zaragoza,ZAZ;Bergamo,BGY
Arrecife,ACE;Birmingham,BHX
Malaga,AGP;Birmingham,BHX
Alicante,ALC;Birmingham,BHX
Barcelona,BCN;Birmingham,BHX
Bratislava,BTS;Birmingham,BHX
Bydgoszcz,BZG;Birmingham,BHX
Dublin,DUB;Birmingham,BHX
Faro,FAO;Birmingham,BHX
Fuerteventura,FUE;Birmingham,BHX
Gdansk,GDN;Birmingham,BHX
Krakow,KRK;Birmingham,BHX
Katowice,KTW;Birmingham,BHX
Gran Canaria,LPA;Birmingham,BHX
Madrid,MAD;Birmingham,BHX
Murcia,MJV;Birmingham,BHX
Malta,MLA;Birmingham,BHX
Sofia,SOF;Birmingham,BHX
Tenerife,TFS;Birmingham,BHX
Vilnius,VNO;Birmingham,BHX
Villafranca,VRN;Birmingham,BHX
Warsaw,WMI;Birmingham,BHX
Charleroi,CRL;Biarritz-bayonne,BIQ
London,STN;Biarritz-bayonne,BIQ
Malaga,AGP;Billund,BLL
Alicante,ALC;Billund,BLL
Budapest,BUD;Billund,BLL
Poznan,POZ;Billund,BLL
London,STN;Billund,BLL
Berlin,SXF;Billund,BLL
Arrecife,ACE;Bologna,BLQ
Malaga,AGP;Bologna,BLQ
Alghero,AHO;Bologna,BLQ
Athens,ATH;Bologna,BLQ
Barcelona,BCN;Bologna,BLQ
Brindisi,BDS;Bologna,BLQ
Bari,BRI;Bologna,BLQ
Bratislava,BTS;Bologna,BLQ
Beauvais,BVA;Bologna,BLQ
Cagliari,CAG;Bologna,BLQ
Cologne,CGN;Bologna,BLQ
Copenhagen,CPH;Bologna,BLQ
Charleroi,CRL;Bologna,BLQ
Catania,CTA;Bologna,BLQ
Dublin,DUB;Bologna,BLQ
Edinburgh,EDI;Bologna,BLQ
Eindhoven,EIN;Bologna,BLQ
Krakow,KRK;Bologna,BLQ
Lisbon,LIS;Bologna,BLQ
Gran Canaria,LPA;Bologna,BLQ
Madrid,MAD;Bologna,BLQ
Malta,MLA;Bologna,BLQ
Naples,NAP;Bologna,BLQ
Bucharest,OTP;Bologna,BLQ
Palermo,PMO;Bologna,BLQ
Prague,PRG;Bologna,BLQ
London,STN;Bologna,BLQ
Lamezia,SUF;Bologna,BLQ
Sevilla,SVQ;Bologna,BLQ
Berlin,SXF;Bologna,BLQ
Tenerife,TFS;Bologna,BLQ
Trapani,TPS;Bologna,BLQ
Valencia,VLC;Bologna,BLQ
Warsaw,WMI;Bologna,BLQ
Wroclaw,WRO;Bologna,BLQ
Bergamo,BGY;Bordeaux,BOD
Rome,CIA;Bordeaux,BOD
Charleroi,CRL;Bordeaux,BOD
Porto,OPO;Bordeaux,BOD
London,STN;Bordeaux,BOD
Sevilla,SVQ;Bordeaux,BOD
Malaga,AGP;Bournemouth,BOH
Alicante,ALC;Bournemouth,BOH
Faro,FAO;Bournemouth,BOH
Krakow,KRK;Bournemouth,BOH
Malta,MLA;Bournemouth,BOH
Tenerife,TFS;Bournemouth,BOH
Malaga,AGP;Bremen,BRE
Alicante,ALC;Bremen,BRE
Fes,FEZ;Bremen,BRE
Fuerteventura,FUE;Bremen,BRE
Palma de Mallorca,PMI;Bremen,BRE
Riga,RIX;Bremen,BRE
London,STN;Bremen,BRE
Tenerife,TFS;Bremen,BRE
Ovda,VDA;Bremen,BRE
Vilnius,VNO;Bremen,BRE
Bergamo,BGY;Bari,BRI
Bologna,BLQ;Bari,BRI
Beauvais,BVA;Bari,BRI
Cagliari,CAG;Bari,BRI
Charleroi,CRL;Bari,BRI
Rome,FCO;Bari,BRI
Karlsruhe/Baden-Baden,FKB;Bari,BRI
Genoa,GOA;Bari,BRI
Hahn,HHN;Bari,BRI
Madrid,MAD;Bari,BRI
Malta,MLA;Bari,BRI
Weeze,NRN;Bari,BRI
Nuernberg,NUE;Bari,BRI
Pisa,PSA;Bari,BRI
London,STN;Bari,BRI
Sevilla,SVQ;Bari,BRI
Berlin,SXF;Bari,BRI
Torino,TRN;Bari,BRI
Ronchi De Legionari,TRS;Bari,BRI
Treviso,TSF;Bari,BRI
Valencia,VLC;Bari,BRI
London,STN;Brno,BRQ
Arrecife,ACE;Bristol,BRS
Malaga,AGP;Bristol,BRS
Alicante,ALC;Bristol,BRS
Bergamo,BGY;Bristol,BRS
Budapest,BUD;Bristol,BRS
Cologne,CGN;Bristol,BRS
Dublin,DUB;Bristol,BRS
Faro,FAO;Bristol,BRS
Gdansk,GDN;Bristol,BRS
Krakow,KRK;Bristol,BRS
Kaunas,KUN;Bristol,BRS
Gran Canaria,LPA;Bristol,BRS
Malta,MLA;Bristol,BRS
Bucharest,OTP;Bristol,BRS
Poznan,POZ;Bristol,BRS
Rzeszow,RZE;Bristol,BRS
Tenerife,TFS;Bristol,BRS
Venice,VCE;Bristol,BRS
Warsaw,WMI;Bristol,BRS
Wroclaw,WRO;Bristol,BRS
Malaga,AGP;Brussels,BRU
Alicante,ALC;Brussels,BRU
Barcelona,BCN;Brussels,BRU
Dublin,DUB;Brussels,BRU
Rome,FCO;Brussels,BRU
Larnaca,LCA;Brussels,BRU
Lisbon,LIS;Brussels,BRU
Madrid,MAD;Brussels,BRU
Malta,MLA;Brussels,BRU
Milano,MXP;Brussels,BRU
Porto,OPO;Brussels,BRU
Berlin,SXF;Brussels,BRU
Treviso,TSF;Brussels,BRU
Valencia,VLC;Brussels,BRU
Dublin,DUB;Mulhouse,BSL
London,STN;Mulhouse,BSL
Athens,ATH;Bratislava,BTS
Bergamo,BGY;Bratislava,BTS
Birmingham,BHX;Bratislava,BTS
Bologna,BLQ;Bratislava,BTS
Rome,CIA;Bratislava,BTS
Charleroi,CRL;Bratislava,BTS
Dublin,DUB;Bratislava,BTS
Edinburgh,EDI;Bratislava,BTS
Gerona,GRO;Bratislava,BTS
Nis,INI;Bratislava,BTS
Leeds,LBA;Bratislava,BTS
Madrid,MAD;Bratislava,BTS
Manchester,MAN;Bratislava,BTS
London,STN;Bratislava,BTS
Berlin,SXF;Bratislava,BTS
Ovda,VDA;Bratislava,BTS
Malaga,AGP;Budapest,BUD
Athens,ATH;Budapest,BUD
Barcelona,BCN;Budapest,BUD
Bergamo,BGY;Budapest,BUD
Billund,BLL;Budapest,BUD
Bristol,BRS;Budapest,BUD
Beauvais,BVA;Budapest,BUD
Rome,CIA;Budapest,BUD
Copenhagen,CPH;Budapest,BUD
Charleroi,CRL;Budapest,BUD
Dublin,DUB;Budapest,BUD
Edinburgh,EDI;Budapest,BUD
East Midlands,EMA;Budapest,BUD
Gran Canaria,LPA;Budapest,BUD
Madrid,MAD;Budapest,BUD
Manchester,MAN;Budapest,BUD
Naples,NAP;Budapest,BUD
Nuernberg,NUE;Budapest,BUD
Palermo,PMO;Budapest,BUD
Prague,PRG;Budapest,BUD
Pisa,PSA;Budapest,BUD
Marrakech,RAK;Budapest,BUD
London,STN;Budapest,BUD
Berlin,SXF;Budapest,BUD
Treviso,TSF;Budapest,BUD
Ovda,VDA;Budapest,BUD
Valencia,VLC;Budapest,BUD
Alicante,ALC;Beauvais,BVA
Barcelona,BCN;Beauvais,BVA
Bergamo,BGY;Beauvais,BVA
Bologna,BLQ;Beauvais,BVA
Bari,BRI;Beauvais,BVA
Budapest,BUD;Beauvais,BVA
Beziers,BZR;Beauvais,BVA
Cagliari,CAG;Beauvais,BVA
Rome,CIA;Beauvais,BVA
Dublin,DUB;Beauvais,BVA
Faro,FAO;Beauvais,BVA
Fes,FEZ;Beauvais,BVA
Krakow,KRK;Beauvais,BVA
Lisbon,LIS;Beauvais,BVA
Madrid,MAD;Beauvais,BVA
El Aroui,NDR;Beauvais,BVA
Stockholm,NYO;Beauvais,BVA
Porto,OPO;Beauvais,BVA
Oujda,OUD;Beauvais,BVA
Palermo,PMO;Beauvais,BVA
Pisa,PSA;Beauvais,BVA
Marrakech,RAK;Beauvais,BVA
Rabat,RBA;Beauvais,BVA
Sevilla,SVQ;Beauvais,BVA
Tenerife,TFS;Beauvais,BVA
Tanger,TNG;Beauvais,BVA
Treviso,TSF;Beauvais,BVA
Valencia,VLC;Beauvais,BVA
Vilnius,VNO;Beauvais,BVA
Warsaw,WMI;Beauvais,BVA
Wroclaw,WRO;Beauvais,BVA
Birmingham,BHX;Bydgoszcz,BZG
Dublin,DUB;Bydgoszcz,BZG
London,LTN;Bydgoszcz,BZG
London,STN;Bydgoszcz,BZG
Beauvais,BVA;Beziers,BZR
London,LTN;Beziers,BZR
Bergamo,BGY;Cagliari,CAG
Bologna,BLQ;Cagliari,CAG
Bari,BRI;Cagliari,CAG
Beauvais,BVA;Cagliari,CAG
Rome,CIA;Cagliari,CAG
Charleroi,CRL;Cagliari,CAG
Catania,CTA;Cagliari,CAG
Cuneo,CUF;Cagliari,CAG
Gerona,GRO;Cagliari,CAG
Hahn,HHN;Cagliari,CAG
Krakow,KRK;Cagliari,CAG
Madrid,MAD;Cagliari,CAG
Parma,PMF;Cagliari,CAG
Pisa,PSA;Cagliari,CAG
London,STN;Cagliari,CAG
Trapani,TPS;Cagliari,CAG
Treviso,TSF;Cagliari,CAG
Villafranca,VRN;Cagliari,CAG
Charleroi,CRL;Carcassonne,CCF
Dublin,DUB;Carcassonne,CCF
Edinburgh,EDI;Carcassonne,CCF
Manchester,MAN;Carcassonne,CCF
Porto,OPO;Carcassonne,CCF
London,STN;Carcassonne,CCF
Poznan,POZ;Castellón de la Plana,CDT
London,STN;Castellón de la Plana,CDT
Porto,OPO;Clermont-Ferrand,CFE
Malaga,AGP;Cologne,CGN
Alicante,ALC;Cologne,CGN
Barcelona,BCN;Cologne,CGN
Bergamo,BGY;Cologne,CGN
Bologna,BLQ;Cologne,CGN
Bristol,BRS;Cologne,CGN
Rome,CIA;Cologne,CGN
Copenhagen,CPH;Cologne,CGN
Dublin,DUB;Cologne,CGN
Gran Canaria,LPA;Cologne,CGN
Madrid,MAD;Cologne,CGN
Manchester,MAN;Cologne,CGN
Malta,MLA;Cologne,CGN
Porto,OPO;Cologne,CGN
Palma de Mallorca,PMI;Cologne,CGN
Marrakech,RAK;Cologne,CGN
Riga,RIX;Cologne,CGN
Sofia,SOF;Cologne,CGN
London,STN;Cologne,CGN
Sevilla,SVQ;Cologne,CGN
Tenerife,TFS;Cologne,CGN
Treviso,TSF;Cologne,CGN
Vitoria,VIT;Cologne,CGN
Valencia,VLC;Cologne,CGN
Vilnius,VNO;Cologne,CGN
Warsaw,WMI;Cologne,CGN
Athens,ATH;Rome,CIA
Bordeaux,BOD;Rome,CIA
Bratislava,BTS;Rome,CIA
Budapest,BUD;Rome,CIA
Beauvais,BVA;Rome,CIA
Cagliari,CAG;Rome,CIA
Cologne,CGN;Rome,CIA
Comiso,CIY;Rome,CIA
Copenhagen,CPH;Rome,CIA
Charleroi,CRL;Rome,CIA
Dublin,DUB;Rome,CIA
Edinburgh,EDI;Rome,CIA
Eindhoven,EIN;Rome,CIA
Hahn,HHN;Rome,CIA
Krakow,KRK;Rome,CIA
Lisbon,LIS;Rome,CIA
Madrid,MAD;Rome,CIA
Manchester,MAN;Rome,CIA
Malta,MLA;Rome,CIA
Marseille,MRS;Rome,CIA
Nuernberg,NUE;Rome,CIA
Porto,OPO;Rome,CIA
Bucharest,OTP;Rome,CIA
Prague,PRG;Rome,CIA
Marrakech,RAK;Rome,CIA
Rabat,RBA;Rome,CIA
Santander,SDR;Rome,CIA
Thessaloniki,SKG;Rome,CIA
Sofia,SOF;Rome,CIA
London,STN;Rome,CIA
Sevilla,SVQ;Rome,CIA
Berlin,SXF;Rome,CIA
Ronchi De Legionari,TRS;Rome,CIA
Valencia,VLC;Rome,CIA
Vilnius,VNO;Rome,CIA
Warsaw,WMI;Rome,CIA
Wroclaw,WRO;Rome,CIA
Rome,CIA;Comiso,CIY
Charleroi,CRL;Comiso,CIY
Hahn,HHN;Comiso,CIY
Milano,MXP;Comiso,CIY
Pisa,PSA;Comiso,CIY
Malaga,AGP;Copenhagen,CPH
Alicante,ALC;Copenhagen,CPH
Bergamo,BGY;Copenhagen,CPH
Bologna,BLQ;Copenhagen,CPH
Budapest,BUD;Copenhagen,CPH
Cologne,CGN;Copenhagen,CPH
Rome,CIA;Copenhagen,CPH
Charleroi,CRL;Copenhagen,CPH
Dublin,DUB;Copenhagen,CPH
Edinburgh,EDI;Copenhagen,CPH
Kaunas,KUN;Copenhagen,CPH
London,LTN;Copenhagen,CPH
Madrid,MAD;Copenhagen,CPH
London,STN;Copenhagen,CPH
Tenerife,TFS;Copenhagen,CPH
Valencia,VLC;Craiova,CRA
Arrecife,ACE;Charleroi,CRL
Agadir,AGA;Charleroi,CRL
Malaga,AGP;Charleroi,CRL
Alicante,ALC;Charleroi,CRL
Ancona,AOI;Charleroi,CRL
Athens,ATH;Charleroi,CRL
Barcelona,BCN;Charleroi,CRL
Brindisi,BDS;Charleroi,CRL
Bergamo,BGY;Charleroi,CRL
Biarritz-bayonne,BIQ;Charleroi,CRL
Bologna,BLQ;Charleroi,CRL
Bordeaux,BOD;Charleroi,CRL
Bari,BRI;Charleroi,CRL
Bratislava,BTS;Charleroi,CRL
Budapest,BUD;Charleroi,CRL
Cagliari,CAG;Charleroi,CRL
Carcassonne,CCF;Charleroi,CRL
Rome,CIA;Charleroi,CRL
Comiso,CIY;Charleroi,CRL
Copenhagen,CPH;Charleroi,CRL
Dublin,DUB;Charleroi,CRL
Edinburgh,EDI;Charleroi,CRL
Faro,FAO;Charleroi,CRL
Fes,FEZ;Charleroi,CRL
Nimes,FNI;Charleroi,CRL
Fuerteventura,FUE;Charleroi,CRL
Glasgow,GLA;Charleroi,CRL
Krakow,KRK;Charleroi,CRL
Lisbon,LIS;Charleroi,CRL
Gran Canaria,LPA;Charleroi,CRL
Madrid,MAD;Charleroi,CRL
Manchester,MAN;Charleroi,CRL
Montpellier,MPL;Charleroi,CRL
Marseille,MRS;Charleroi,CRL
Naples,NAP;Charleroi,CRL
El Aroui,NDR;Charleroi,CRL
Stockholm,NYO;Charleroi,CRL
Porto,OPO;Charleroi,CRL
Bucharest,OTP;Charleroi,CRL
Oujda,OUD;Charleroi,CRL
Plovdiv,PDV;Charleroi,CRL
Perpignan,PGF;Charleroi,CRL
Palma de Mallorca,PMI;Charleroi,CRL
Prague,PRG;Charleroi,CRL
Pisa,PSA;Charleroi,CRL
Pescara,PSR;Charleroi,CRL
Marrakech,RAK;Charleroi,CRL
Rabat,RBA;Charleroi,CRL
Riga,RIX;Charleroi,CRL
Santander,SDR;Charleroi,CRL
Thessaloniki,SKG;Charleroi,CRL
Sofia,SOF;Charleroi,CRL
Lamezia,SUF;Charleroi,CRL
Sevilla,SVQ;Charleroi,CRL
Tenerife,TFS;Charleroi,CRL
Podgorica,TGD;Charleroi,CRL
Toulouse,TLS;Charleroi,CRL
Tanger,TNG;Charleroi,CRL
Trapani,TPS;Charleroi,CRL
Torino,TRN;Charleroi,CRL
Treviso,TSF;Charleroi,CRL
Timisoara,TSR;Charleroi,CRL
Varna,VAR;Charleroi,CRL
Ovda,VDA;Charleroi,CRL
Valencia,VLC;Charleroi,CRL
Vilnius,VNO;Charleroi,CRL
Warsaw,WMI;Charleroi,CRL
Wroclaw,WRO;Charleroi,CRL
Zaragoza,ZAZ;Charleroi,CRL
Bergamo,BGY;Catania,CTA
Bologna,BLQ;Catania,CTA
Cagliari,CAG;Catania,CTA
Eindhoven,EIN;Catania,CTA
Rome,FCO;Catania,CTA
Frankfurt,FRA;Catania,CTA
Madrid,MAD;Catania,CTA
Malta,MLA;Catania,CTA
Milano,MXP;Catania,CTA
Perugia,PEG;Catania,CTA
Pisa,PSA;Catania,CTA
Berlin,SXF;Catania,CTA
Torino,TRN;Catania,CTA
Ronchi De Legionari,TRS;Catania,CTA
Treviso,TSF;Catania,CTA
Cagliari,CAG;Cuneo,CUF
Tenerife,TFS;Cardiff,CWL
Fes,FEZ;Dole,DLE
Porto,OPO;Dole,DLE
Marrakech,RAK;Dole,DLE
London,STN;Dinard,DNR
Malaga,AGP;Dortmund,DTM
Krakow,KRK;Dortmund,DTM
Porto,OPO;Dortmund,DTM
Palma de Mallorca,PMI;Dortmund,DTM
Thessaloniki,SKG;Dortmund,DTM
London,STN;Dortmund,DTM
Arrecife,ACE;Dublin,DUB
Malaga,AGP;Dublin,DUB
Alicante,ALC;Dublin,DUB
Amsterdam,AMS;Dublin,DUB
Barcelona,BCN;Dublin,DUB
Bergamo,BGY;Dublin,DUB
Birmingham,BHX;Dublin,DUB
Bologna,BLQ;Dublin,DUB
Bristol,BRS;Dublin,DUB
Brussels,BRU;Dublin,DUB
Mulhouse,BSL;Dublin,DUB
Bratislava,BTS;Dublin,DUB
Budapest,BUD;Dublin,DUB
Beauvais,BVA;Dublin,DUB
Bydgoszcz,BZG;Dublin,DUB
Carcassonne,CCF;Dublin,DUB
Cologne,CGN;Dublin,DUB
Rome,CIA;Dublin,DUB
Copenhagen,CPH;Dublin,DUB
Charleroi,CRL;Dublin,DUB
Edinburgh,EDI;Dublin,DUB
Eindhoven,EIN;Dublin,DUB
East Midlands,EMA;Dublin,DUB
Faro,FAO;Dublin,DUB
Memmingen,FMM;Dublin,DUB
Fuerteventura,FUE;Dublin,DUB
Gdansk,GDN;Dublin,DUB
Glasgow,GLA;Dublin,DUB
Grenoble,GNB;Dublin,DUB
Hamburg,HAM;Dublin,DUB
Hahn,HHN;Dublin,DUB
Krakow,KRK;Dublin,DUB
Katowice,KTW;Dublin,DUB
Kaunas,KUN;Dublin,DUB
Leeds,LBA;Dublin,DUB
Lodz,LCJ;Dublin,DUB
London,LGW;Dublin,DUB
Lisbon,LIS;Dublin,DUB
Gran Canaria,LPA;Dublin,DUB
Liverpool,LPL;Dublin,DUB
London,LTN;Dublin,DUB
Madrid,MAD;Dublin,DUB
Manchester,MAN;Dublin,DUB
Murcia,MJV;Dublin,DUB
Malta,MLA;Dublin,DUB
Munich,MUC;Dublin,DUB
Naples,NAP;Dublin,DUB
Nice,NCE;Dublin,DUB
Newcastle,NCL;Dublin,DUB
Nantes,NTE;Dublin,DUB
Porto,OPO;Dublin,DUB
Bucharest,OTP;Dublin,DUB
Poznan,POZ;Dublin,DUB
Prague,PRG;Dublin,DUB
Riga,RIX;Dublin,DUB
Rzeszow,RZE;Dublin,DUB
Sofia,SOF;Dublin,DUB
London,STN;Dublin,DUB
Stuttgart,STR;Dublin,DUB
Sevilla,SVQ;Dublin,DUB
Berlin,SXF;Dublin,DUB
Salzburg,SZG;Dublin,DUB
Szczecin,SZZ;Dublin,DUB
Tenerife,TFS;Dublin,DUB
Torino,TRN;Dublin,DUB
Treviso,TSF;Dublin,DUB
Valencia,VLC;Dublin,DUB
Vilnius,VNO;Dublin,DUB
Warsaw,WMI;Dublin,DUB
Wroclaw,WRO;Dublin,DUB
Arrecife,ACE;Edinburgh,EDI
Malaga,AGP;Edinburgh,EDI
Alicante,ALC;Edinburgh,EDI
Barcelona,BCN;Edinburgh,EDI
Bergamo,BGY;Edinburgh,EDI
Bologna,BLQ;Edinburgh,EDI
Bratislava,BTS;Edinburgh,EDI
Budapest,BUD;Edinburgh,EDI
Carcassonne,CCF;Edinburgh,EDI
Rome,CIA;Edinburgh,EDI
Copenhagen,CPH;Edinburgh,EDI
Charleroi,CRL;Edinburgh,EDI
Dublin,DUB;Edinburgh,EDI
Eindhoven,EIN;Edinburgh,EDI
Faro,FAO;Edinburgh,EDI
Karlsruhe/Baden-Baden,FKB;Edinburgh,EDI
Fuerteventura,FUE;Edinburgh,EDI
Gdansk,GDN;Edinburgh,EDI
Krakow,KRK;Edinburgh,EDI
Katowice,KTW;Edinburgh,EDI
Gran Canaria,LPA;Edinburgh,EDI
Malta,MLA;Edinburgh,EDI
Marseille,MRS;Edinburgh,EDI
Weeze,NRN;Edinburgh,EDI
Nantes,NTE;Edinburgh,EDI
Porto,OPO;Edinburgh,EDI
Poznan,POZ;Edinburgh,EDI
Prague,PRG;Edinburgh,EDI
Santander,SDR;Edinburgh,EDI
Tenerife,TFS;Edinburgh,EDI
Toulouse,TLS;Edinburgh,EDI
Treviso,TSF;Edinburgh,EDI
Valencia,VLC;Edinburgh,EDI
Warsaw,WMI;Edinburgh,EDI
Wroclaw,WRO;Edinburgh,EDI
London,STN;Bergerac,EGC
Arrecife,ACE;Eindhoven,EIN
Malaga,AGP;Eindhoven,EIN
Alicante,ALC;Eindhoven,EIN
Brindisi,BDS;Eindhoven,EIN
Bergamo,BGY;Eindhoven,EIN
Bologna,BLQ;Eindhoven,EIN
Rome,CIA;Eindhoven,EIN
Catania,CTA;Eindhoven,EIN
Dublin,DUB;Eindhoven,EIN
Edinburgh,EDI;Eindhoven,EIN
Faro,FAO;Eindhoven,EIN
Fes,FEZ;Eindhoven,EIN
Gerona,GRO;Eindhoven,EIN
Krakow,KRK;Eindhoven,EIN
Lisbon,LIS;Eindhoven,EIN
Gran Canaria,LPA;Eindhoven,EIN
Madrid,MAD;Eindhoven,EIN
Manchester,MAN;Eindhoven,EIN
Murcia,MJV;Eindhoven,EIN
Malta,MLA;Eindhoven,EIN
Marseille,MRS;Eindhoven,EIN
Naples,NAP;Eindhoven,EIN
Porto,OPO;Eindhoven,EIN
Palma de Mallorca,PMI;Eindhoven,EIN
Prague,PRG;Eindhoven,EIN
Pisa,PSA;Eindhoven,EIN
Marrakech,RAK;Eindhoven,EIN
Reus,REU;Eindhoven,EIN
Thessaloniki,SKG;Eindhoven,EIN
Sofia,SOF;Eindhoven,EIN
London,STN;Eindhoven,EIN
Sevilla,SVQ;Eindhoven,EIN
Tenerife,TFS;Eindhoven,EIN
Treviso,TSF;Eindhoven,EIN
Valencia,VLC;Eindhoven,EIN
Warsaw,WMI;Eindhoven,EIN
Arrecife,ACE;East Midlands,EMA
Malaga,AGP;East Midlands,EMA
Alicante,ALC;East Midlands,EMA
Bergamo,BGY;East Midlands,EMA
Budapest,BUD;East Midlands,EMA
Dublin,DUB;East Midlands,EMA
Faro,FAO;East Midlands,EMA
Fuerteventura,FUE;East Midlands,EMA
Krakow,KRK;East Midlands,EMA
Lodz,LCJ;East Midlands,EMA
Limoges,LIG;East Midlands,EMA
Gran Canaria,LPA;East Midlands,EMA
Murcia,MJV;East Midlands,EMA
Malta,MLA;East Midlands,EMA
Connaught,NOC;East Midlands,EMA
Riga,RIX;East Midlands,EMA
Rzeszow,RZE;East Midlands,EMA
Sevilla,SVQ;East Midlands,EMA
Berlin,SXF;East Midlands,EMA
Tenerife,TFS;East Midlands,EMA
Treviso,TSF;East Midlands,EMA
Warsaw,WMI;East Midlands,EMA
Wroclaw,WRO;East Midlands,EMA
Birmingham,BHX;Faro,FAO
Bournemouth,BOH;Faro,FAO
Bristol,BRS;Faro,FAO
Beauvais,BVA;Faro,FAO
Charleroi,CRL;Faro,FAO
Dublin,DUB;Faro,FAO
Edinburgh,EDI;Faro,FAO
Eindhoven,EIN;Faro,FAO
East Midlands,EMA;Faro,FAO
Memmingen,FMM;Faro,FAO
Frankfurt,FRA;Faro,FAO
Hahn,HHN;Faro,FAO
Leeds,LBA;Faro,FAO
Liverpool,LPL;Faro,FAO
Manchester,MAN;Faro,FAO
Weeze,NRN;Faro,FAO
Porto,OPO;Faro,FAO
Prestwick,PIK;Faro,FAO
London,STN;Faro,FAO
Arrecife,ACE;Rome,FCO
Malaga,AGP;Rome,FCO
Alicante,ALC;Rome,FCO
Barcelona,BCN;Rome,FCO
Brindisi,BDS;Rome,FCO
Bari,BRI;Rome,FCO
Brussels,BRU;Rome,FCO
Catania,CTA;Rome,FCO
Palermo,PMO;Rome,FCO
Tel-aviv,TLV;Rome,FCO
Barcelona,BCN;Fes,FEZ
Bergamo,BGY;Fes,FEZ
Bremen,BRE;Fes,FEZ
Beauvais,BVA;Fes,FEZ
Charleroi,CRL;Fes,FEZ
Dole,DLE;Fes,FEZ
Eindhoven,EIN;Fes,FEZ
Memmingen,FMM;Fes,FEZ
Nimes,FNI;Fes,FEZ
Hahn,HHN;Fes,FEZ
Madrid,MAD;Fes,FEZ
Marseille,MRS;Fes,FEZ
Weeze,NRN;Fes,FEZ
Nantes,NTE;Fes,FEZ
London,STN;Fes,FEZ
Sevilla,SVQ;Fes,FEZ
Toulouse,TLS;Fes,FEZ
Malaga,AGP;Karlsruhe/Baden-Baden,FKB
Alicante,ALC;Karlsruhe/Baden-Baden,FKB
Bari,BRI;Karlsruhe/Baden-Baden,FKB
Edinburgh,EDI;Karlsruhe/Baden-Baden,FKB
Gerona,GRO;Karlsruhe/Baden-Baden,FKB
Lisbon,LIS;Karlsruhe/Baden-Baden,FKB
Malta,MLA;Karlsruhe/Baden-Baden,FKB
Porto,OPO;Karlsruhe/Baden-Baden,FKB
Palma de Mallorca,PMI;Karlsruhe/Baden-Baden,FKB
Thessaloniki,SKG;Karlsruhe/Baden-Baden,FKB
Sofia,SOF;Karlsruhe/Baden-Baden,FKB
London,STN;Karlsruhe/Baden-Baden,FKB
Sevilla,SVQ;Karlsruhe/Baden-Baden,FKB
Tenerife,TFS;Karlsruhe/Baden-Baden,FKB
Tel-aviv,TLV;Karlsruhe/Baden-Baden,FKB
Ovda,VDA;Karlsruhe/Baden-Baden,FKB
Warsaw,WMI;Karlsruhe/Baden-Baden,FKB
Malaga,AGP;Memmingen,FMM
Alicante,ALC;Memmingen,FMM
Dublin,DUB;Memmingen,FMM
Faro,FAO;Memmingen,FMM
Fes,FEZ;Memmingen,FMM
Stockholm,NYO;Memmingen,FMM
Oradea,OMR;Memmingen,FMM
Porto,OPO;Memmingen,FMM
Palma de Mallorca,PMI;Memmingen,FMM
Palermo,PMO;Memmingen,FMM
Thessaloniki,SKG;Memmingen,FMM
London,STN;Memmingen,FMM
Sevilla,SVQ;Memmingen,FMM
Tenerife,TFS;Memmingen,FMM
Warsaw,WMI;Memmingen,FMM
Charleroi,CRL;Nimes,FNI
Fes,FEZ;Nimes,FNI
London,LTN;Nimes,FNI
Marrakech,RAK;Nimes,FNI
Arrecife,ACE;Frankfurt,FRA
Malaga,AGP;Frankfurt,FRA
Alicante,ALC;Frankfurt,FRA
Athens,ATH;Frankfurt,FRA
Barcelona,BCN;Frankfurt,FRA
Brindisi,BDS;Frankfurt,FRA
Bergamo,BGY;Frankfurt,FRA
Catania,CTA;Frankfurt,FRA
Faro,FAO;Frankfurt,FRA
Glasgow,GLA;Frankfurt,FRA
Krakow,KRK;Frankfurt,FRA
Lisbon,LIS;Frankfurt,FRA
Gran Canaria,LPA;Frankfurt,FRA
Madrid,MAD;Frankfurt,FRA
Manchester,MAN;Frankfurt,FRA
Porto,OPO;Frankfurt,FRA
Palma de Mallorca,PMI;Frankfurt,FRA
Pisa,PSA;Frankfurt,FRA
London,STN;Frankfurt,FRA
Sevilla,SVQ;Frankfurt,FRA
Tenerife,TFS;Frankfurt,FRA
Toulouse,TLS;Frankfurt,FRA
Treviso,TSF;Frankfurt,FRA
Valencia,VLC;Frankfurt,FRA
Barcelona,BCN;Fuerteventura,FUE
Bergamo,BGY;Fuerteventura,FUE
Birmingham,BHX;Fuerteventura,FUE
Bremen,BRE;Fuerteventura,FUE
Charleroi,CRL;Fuerteventura,FUE
Dublin,DUB;Fuerteventura,FUE
Edinburgh,EDI;Fuerteventura,FUE
East Midlands,EMA;Fuerteventura,FUE
Leeds,LBA;Fuerteventura,FUE
Liverpool,LPL;Fuerteventura,FUE
London,LTN;Fuerteventura,FUE
Madrid,MAD;Fuerteventura,FUE
Manchester,MAN;Fuerteventura,FUE
Weeze,NRN;Fuerteventura,FUE
Prestwick,PIK;Fuerteventura,FUE
Pisa,PSA;Fuerteventura,FUE
Shannon,SNN;Fuerteventura,FUE
London,STN;Fuerteventura,FUE
Berlin,SXF;Fuerteventura,FUE
Warsaw,WMI;Fuerteventura,FUE
Aarhus,AAR;Gdansk,GDN
Belfast,BFS;Gdansk,GDN
Bergamo,BGY;Gdansk,GDN
Birmingham,BHX;Gdansk,GDN
Bristol,BRS;Gdansk,GDN
Dublin,DUB;Gdansk,GDN
Edinburgh,EDI;Gdansk,GDN
Krakow,KRK;Gdansk,GDN
Leeds,LBA;Gdansk,GDN
Manchester,MAN;Gdansk,GDN
Malta,MLA;Gdansk,GDN
Stockholm,NYO;Gdansk,GDN
Cork,ORK;Gdansk,GDN
London,STN;Gdansk,GDN
Tel-aviv,TLV;Gdansk,GDN
Sandefjord,TRF;Gdansk,GDN
Ovda,VDA;Gdansk,GDN
Vaxjo,VXO;Gdansk,GDN
Wroclaw,WRO;Gdansk,GDN
Arrecife,ACE;Glasgow,GLA
Malaga,AGP;Glasgow,GLA
Alicante,ALC;Glasgow,GLA
Charleroi,CRL;Glasgow,GLA
Dublin,DUB;Glasgow,GLA
Frankfurt,FRA;Glasgow,GLA
Krakow,KRK;Glasgow,GLA
Londonderry,LDY;Glasgow,GLA
Lisbon,LIS;Glasgow,GLA
Madrid,MAD;Glasgow,GLA
Riga,RIX;Glasgow,GLA
Sofia,SOF;Glasgow,GLA
Berlin,SXF;Glasgow,GLA
Valencia,VLC;Glasgow,GLA
Warsaw,WMI;Glasgow,GLA
Wroclaw,WRO;Glasgow,GLA
Dublin,DUB;Grenoble,GNB
London,STN;Grenoble,GNB
Bari,BRI;Genoa,GOA
London,STN;Genoa,GOA
Malaga,AGP;Gothenborg,GOT
Alicante,ALC;Gothenborg,GOT
Krakow,KRK;Gothenborg,GOT
London,STN;Gothenborg,GOT
Warsaw,WMI;Gothenborg,GOT
Bratislava,BTS;Gerona,GRO
Cagliari,CAG;Gerona,GRO
Eindhoven,EIN;Gerona,GRO
Karlsruhe/Baden-Baden,FKB;Gerona,GRO
Hahn,HHN;Gerona,GRO
Krakow,KRK;Gerona,GRO
Oradea,OMR;Gerona,GRO
Pisa,PSA;Gerona,GRO
Rabat,RBA;Gerona,GRO
Malaga,AGP;Hamburg,HAM
Alicante,ALC;Hamburg,HAM
Barcelona,BCN;Hamburg,HAM
Bergamo,BGY;Hamburg,HAM
Dublin,DUB;Hamburg,HAM
Lisbon,LIS;Hamburg,HAM
Gran Canaria,LPA;Hamburg,HAM
Madrid,MAD;Hamburg,HAM
Manchester,MAN;Hamburg,HAM
Porto,OPO;Hamburg,HAM
Palma de Mallorca,PMI;Hamburg,HAM
Marrakech,RAK;Hamburg,HAM
Sofia,SOF;Hamburg,HAM
London,STN;Hamburg,HAM
Sevilla,SVQ;Hamburg,HAM
Valencia,VLC;Hamburg,HAM
Arrecife,ACE;Hahn,HHN
Malaga,AGP;Hahn,HHN
Alicante,ALC;Hahn,HHN
Bari,BRI;Hahn,HHN
Cagliari,CAG;Hahn,HHN
Rome,CIA;Hahn,HHN
Comiso,CIY;Hahn,HHN
Dublin,DUB;Hahn,HHN
Faro,FAO;Hahn,HHN
Fes,FEZ;Hahn,HHN
Gerona,GRO;Hahn,HHN
Kerry,KIR;Hahn,HHN
Lisbon,LIS;Hahn,HHN
Gran Canaria,LPA;Hahn,HHN
Naples,NAP;Hahn,HHN
El Aroui,NDR;Hahn,HHN
Porto,OPO;Hahn,HHN
Plovdiv,PDV;Hahn,HHN
Palma de Mallorca,PMI;Hahn,HHN
Pisa,PSA;Hahn,HHN
Pescara,PSR;Hahn,HHN
Marrakech,RAK;Hahn,HHN
Riga,RIX;Hahn,HHN
Santiago,SCQ;Hahn,HHN
Thessaloniki,SKG;Hahn,HHN
London,STN;Hahn,HHN
Lamezia,SUF;Hahn,HHN
Tenerife,TFS;Hahn,HHN
Tanger,TNG;Hahn,HHN
Treviso,TSF;Hahn,HHN
Timisoara,TSR;Hahn,HHN
Ovda,VDA;Hahn,HHN
Valencia,VLC;Hahn,HHN
Vilnius,VNO;Hahn,HHN
Jerez,XRY;Hahn,HHN
Malaga,AGP;Ibiza,IBZ
Barcelona,BCN;Ibiza,IBZ
Madrid,MAD;Ibiza,IBZ
Sevilla,SVQ;Ibiza,IBZ
Valencia,VLC;Ibiza,IBZ
Bergamo,BGY;Nis,INI
Bratislava,BTS;Nis,INI
Weeze,NRN;Nis,INI
Stockholm,NYO;Nis,INI
Berlin,SXF;Nis,INI
Athens,ATH;Thira,JTR
Hahn,HHN;Kerry,KIR
London,LTN;Kerry,KIR
London,STN;Kerry,KIR
Berlin,SXF;Kerry,KIR
Malaga,AGP;Krakow,KRK
Alicante,ALC;Krakow,KRK
Athens,ATH;Krakow,KRK
Barcelona,BCN;Krakow,KRK
Belfast,BFS;Krakow,KRK
Bergamo,BGY;Krakow,KRK
Birmingham,BHX;Krakow,KRK
Bologna,BLQ;Krakow,KRK
Bournemouth,BOH;Krakow,KRK
Bristol,BRS;Krakow,KRK
Beauvais,BVA;Krakow,KRK
Cagliari,CAG;Krakow,KRK
Rome,CIA;Krakow,KRK
Charleroi,CRL;Krakow,KRK
Dortmund,DTM;Krakow,KRK
Dublin,DUB;Krakow,KRK
Edinburgh,EDI;Krakow,KRK
Eindhoven,EIN;Krakow,KRK
East Midlands,EMA;Krakow,KRK
Frankfurt,FRA;Krakow,KRK
Gdansk,GDN;Krakow,KRK
Glasgow,GLA;Krakow,KRK
Gothenborg,GOT;Krakow,KRK
Gerona,GRO;Krakow,KRK
Leeds,LBA;Krakow,KRK
Lisbon,LIS;Krakow,KRK
Gran Canaria,LPA;Krakow,KRK
Liverpool,LPL;Krakow,KRK
Madrid,MAD;Krakow,KRK
Manchester,MAN;Krakow,KRK
Malta,MLA;Krakow,KRK
Malmoe,MMX;Krakow,KRK
Marseille,MRS;Krakow,KRK
Naples,NAP;Krakow,KRK
Nuernberg,NUE;Krakow,KRK
Stockholm,NYO;Krakow,KRK
Porto,OPO;Krakow,KRK
Prague,PRG;Krakow,KRK
Pisa,PSA;Krakow,KRK
Marrakech,RAK;Krakow,KRK
Shannon,SNN;Krakow,KRK
London,STN;Krakow,KRK
Sevilla,SVQ;Krakow,KRK
Berlin,SXF;Krakow,KRK
Tenerife,TFS;Krakow,KRK
Tel-aviv,TLV;Krakow,KRK
Sandefjord,TRF;Krakow,KRK
Treviso,TSF;Krakow,KRK
Ovda,VDA;Krakow,KRK
Valencia,VLC;Krakow,KRK
Athens,ATH;Katowice,KTW
Birmingham,BHX;Katowice,KTW
Dublin,DUB;Katowice,KTW
Edinburgh,EDI;Katowice,KTW
Milano,MXP;Katowice,KTW
London,STN;Katowice,KTW
Alicante,ALC;Kaunas,KUN
Bristol,BRS;Kaunas,KUN
Copenhagen,CPH;Kaunas,KUN
Dublin,DUB;Kaunas,KUN
London,LTN;Kaunas,KUN
Naples,NAP;Kaunas,KUN
Shannon,SNN;Kaunas,KUN
London,STN;Kaunas,KUN
Ovda,VDA;Kaunas,KUN
Arrecife,ACE;Leeds,LBA
Malaga,AGP;Leeds,LBA
Alicante,ALC;Leeds,LBA
Bratislava,BTS;Leeds,LBA
Dublin,DUB;Leeds,LBA
Faro,FAO;Leeds,LBA
Fuerteventura,FUE;Leeds,LBA
Gdansk,GDN;Leeds,LBA
Krakow,KRK;Leeds,LBA
Gran Canaria,LPA;Leeds,LBA
Murcia,MJV;Leeds,LBA
Malta,MLA;Leeds,LBA
Riga,RIX;Leeds,LBA
Tenerife,TFS;Leeds,LBA
Vilnius,VNO;Leeds,LBA
Warsaw,WMI;Leeds,LBA
Wroclaw,WRO;Leeds,LBA
Brussels,BRU;Larnaca,LCA
Dublin,DUB;Lodz,LCJ
East Midlands,EMA;Lodz,LCJ
London,STN;Lodz,LCJ
London,STN;Tarbes,LDE
Glasgow,GLA;Londonderry,LDY
Liverpool,LPL;Londonderry,LDY
London,STN;Leipzig,LEJ
Alicante,ALC;London,LGW
Dublin,DUB;London,LGW
Cork,ORK;London,LGW
Shannon,SNN;London,LGW
East Midlands,EMA;Limoges,LIG
Manchester,MAN;Limoges,LIG
London,STN;Limoges,LIG
Marseille,MRS;Lille,LIL
Bergamo,BGY;Lisbon,LIS
Bologna,BLQ;Lisbon,LIS
Brussels,BRU;Lisbon,LIS
Beauvais,BVA;Lisbon,LIS
Rome,CIA;Lisbon,LIS
Charleroi,CRL;Lisbon,LIS
Dublin,DUB;Lisbon,LIS
Eindhoven,EIN;Lisbon,LIS
Karlsruhe/Baden-Baden,FKB;Lisbon,LIS
Frankfurt,FRA;Lisbon,LIS
Glasgow,GLA;Lisbon,LIS
Hahn,HHN;Lisbon,LIS
Krakow,KRK;Lisbon,LIS
Luxemburg,LUX;Lisbon,LIS
Manchester,MAN;Lisbon,LIS
Marseille,MRS;Lisbon,LIS
Naples,NAP;Lisbon,LIS
Porto,OPO;Lisbon,LIS
Ponta Delgada,PDL;Lisbon,LIS
Pisa,PSA;Lisbon,LIS
London,STN;Lisbon,LIS
Berlin,SXF;Lisbon,LIS
Lajes (terceira Island),TER;Lisbon,LIS
Toulouse,TLS;Lisbon,LIS
Warsaw,WMI;Lisbon,LIS
Wroclaw,WRO;Lisbon,LIS
London,STN;Linz,LNZ
Barcelona,BCN;Gran Canaria,LPA
Bergamo,BGY;Gran Canaria,LPA
Birmingham,BHX;Gran Canaria,LPA
Bologna,BLQ;Gran Canaria,LPA
Bristol,BRS;Gran Canaria,LPA
Budapest,BUD;Gran Canaria,LPA
Cologne,CGN;Gran Canaria,LPA
Charleroi,CRL;Gran Canaria,LPA
Dublin,DUB;Gran Canaria,LPA
Edinburgh,EDI;Gran Canaria,LPA
Eindhoven,EIN;Gran Canaria,LPA
East Midlands,EMA;Gran Canaria,LPA
Frankfurt,FRA;Gran Canaria,LPA
Hamburg,HAM;Gran Canaria,LPA
Hahn,HHN;Gran Canaria,LPA
Krakow,KRK;Gran Canaria,LPA
Leeds,LBA;Gran Canaria,LPA
Madrid,MAD;Gran Canaria,LPA
Manchester,MAN;Gran Canaria,LPA
Milano,MXP;Gran Canaria,LPA
Weeze,NRN;Gran Canaria,LPA
Stockholm,NYO;Gran Canaria,LPA
Cork,ORK;Gran Canaria,LPA
Prestwick,PIK;Gran Canaria,LPA
Pisa,PSA;Gran Canaria,LPA
Santiago,SCQ;Gran Canaria,LPA
London,STN;Gran Canaria,LPA
Sevilla,SVQ;Gran Canaria,LPA
Berlin,SXF;Gran Canaria,LPA
Sandefjord,TRF;Gran Canaria,LPA
Valencia,VLC;Gran Canaria,LPA
Warsaw,WMI;Gran Canaria,LPA
Arrecife,ACE;Liverpool,LPL
Malaga,AGP;Liverpool,LPL
Alicante,ALC;Liverpool,LPL
Barcelona,BCN;Liverpool,LPL
Dublin,DUB;Liverpool,LPL
Faro,FAO;Liverpool,LPL
Fuerteventura,FUE;Liverpool,LPL
Krakow,KRK;Liverpool,LPL
Londonderry,LDY;Liverpool,LPL
Malta,MLA;Liverpool,LPL
Milano,MXP;Liverpool,LPL
Connaught,NOC;Liverpool,LPL
Porto,OPO;Liverpool,LPL
Cork,ORK;Liverpool,LPL
Poznan,POZ;Liverpool,LPL
Prague,PRG;Liverpool,LPL
Marrakech,RAK;Liverpool,LPL
Sofia,SOF;Liverpool,LPL
Szczecin,SZZ;Liverpool,LPL
Tenerife,TFS;Liverpool,LPL
Vilnius,VNO;Liverpool,LPL
Warsaw,WMI;Liverpool,LPL
Wroclaw,WRO;Liverpool,LPL
London,STN;La Rochelle,LRH
Porto,OPO;Lorient,LRT
Arrecife,ACE;London,LTN
Bydgoszcz,BZG;London,LTN
Beziers,BZR;London,LTN
Copenhagen,CPH;London,LTN
Dublin,DUB;London,LTN
Nimes,FNI;London,LTN
Fuerteventura,FUE;London,LTN
Kerry,KIR;London,LTN
Kaunas,KUN;London,LTN
Murcia,MJV;London,LTN
Malta,MLA;London,LTN
Connaught,NOC;London,LTN
Marrakech,RAK;London,LTN
Rzeszow,RZE;London,LTN
Tenerife,TFS;London,LTN
Vilnius,VNO;London,LTN
Barcelona,BCN;Luxemburg,LUX
Bergamo,BGY;Luxemburg,LUX
Lisbon,LIS;Luxemburg,LUX
Madrid,MAD;Luxemburg,LUX
Porto,OPO;Luxemburg,LUX
London,STN;Luxemburg,LUX
Arrecife,ACE;Madrid,MAD
Bergamo,BGY;Madrid,MAD
Birmingham,BHX;Madrid,MAD
Bologna,BLQ;Madrid,MAD
Bari,BRI;Madrid,MAD
Brussels,BRU;Madrid,MAD
Bratislava,BTS;Madrid,MAD
Budapest,BUD;Madrid,MAD
Beauvais,BVA;Madrid,MAD
Cagliari,CAG;Madrid,MAD
Cologne,CGN;Madrid,MAD
Rome,CIA;Madrid,MAD
Copenhagen,CPH;Madrid,MAD
Charleroi,CRL;Madrid,MAD
Catania,CTA;Madrid,MAD
Dublin,DUB;Madrid,MAD
Eindhoven,EIN;Madrid,MAD
Fes,FEZ;Madrid,MAD
Frankfurt,FRA;Madrid,MAD
Fuerteventura,FUE;Madrid,MAD
Glasgow,GLA;Madrid,MAD
Ibiza,IBZ;Madrid,MAD
Krakow,KRK;Madrid,MAD
Gran Canaria,LPA;Madrid,MAD
Luxemburg,LUX;Madrid,MAD
Manchester,MAN;Madrid,MAD
Malta,MLA;Madrid,MAD
Marseille,MRS;Madrid,MAD
Naples,NAP;Madrid,MAD
Newcastle,NCL;Madrid,MAD
Nuernberg,NUE;Madrid,MAD
Porto,OPO;Madrid,MAD
Bucharest,OTP;Madrid,MAD
Palma de Mallorca,PMI;Madrid,MAD
Palermo,PMO;Madrid,MAD
Poznan,POZ;Madrid,MAD
Prague,PRG;Madrid,MAD
Pisa,PSA;Madrid,MAD
Marrakech,RAK;Madrid,MAD
Rabat,RBA;Madrid,MAD
Santiago,SCQ;Madrid,MAD
Sofia,SOF;Madrid,MAD
London,STN;Madrid,MAD
Lamezia,SUF;Madrid,MAD
Berlin,SXF;Madrid,MAD
Tenerife,TFN;Madrid,MAD
Tenerife,TFS;Madrid,MAD
Toulouse,TLS;Madrid,MAD
Tanger,TNG;Madrid,MAD
Vilnius,VNO;Madrid,MAD
Villafranca,VRN;Madrid,MAD
Warsaw,WMI;Madrid,MAD
Wroclaw,WRO;Madrid,MAD
Arrecife,ACE;Manchester,MAN
Malaga,AGP;Manchester,MAN
Alicante,ALC;Manchester,MAN
Barcelona,BCN;Manchester,MAN
Bergamo,BGY;Manchester,MAN
Bratislava,BTS;Manchester,MAN
Budapest,BUD;Manchester,MAN
Carcassonne,CCF;Manchester,MAN
Cologne,CGN;Manchester,MAN
Rome,CIA;Manchester,MAN
Charleroi,CRL;Manchester,MAN
Dublin,DUB;Manchester,MAN
Eindhoven,EIN;Manchester,MAN
Faro,FAO;Manchester,MAN
Frankfurt,FRA;Manchester,MAN
Fuerteventura,FUE;Manchester,MAN
Gdansk,GDN;Manchester,MAN
Hamburg,HAM;Manchester,MAN
Krakow,KRK;Manchester,MAN
Limoges,LIG;Manchester,MAN
Lisbon,LIS;Manchester,MAN
Gran Canaria,LPA;Manchester,MAN
Madrid,MAD;Manchester,MAN
Murcia,MJV;Manchester,MAN
Malta,MLA;Manchester,MAN
Naples,NAP;Manchester,MAN
Nuernberg,NUE;Manchester,MAN
Palma de Mallorca,PMI;Manchester,MAN
Riga,RIX;Manchester,MAN
Rzeszow,RZE;Manchester,MAN
Shannon,SNN;Manchester,MAN
Stuttgart,STR;Manchester,MAN
Sevilla,SVQ;Manchester,MAN
Berlin,SXF;Manchester,MAN
Tenerife,TFS;Manchester,MAN
Sandefjord,TRF;Manchester,MAN
Valencia,VLC;Manchester,MAN
Warsaw,WMI;Manchester,MAN
Wroclaw,WRO;Manchester,MAN
Birmingham,BHX;Murcia,MJV
Dublin,DUB;Murcia,MJV
Eindhoven,EIN;Murcia,MJV
East Midlands,EMA;Murcia,MJV
Leeds,LBA;Murcia,MJV
London,LTN;Murcia,MJV
Manchester,MAN;Murcia,MJV
London,STN;Murcia,MJV
Athens,ATH;Malta,MLA
Belfast,BFS;Malta,MLA
Bergamo,BGY;Malta,MLA
Birmingham,BHX;Malta,MLA
Bologna,BLQ;Malta,MLA
Bournemouth,BOH;Malta,MLA
Bari,BRI;Malta,MLA
Bristol,BRS;Malta,MLA
Brussels,BRU;Malta,MLA
Cologne,CGN;Malta,MLA
Rome,CIA;Malta,MLA
Catania,CTA;Malta,MLA
Dublin,DUB;Malta,MLA
Edinburgh,EDI;Malta,MLA
Eindhoven,EIN;Malta,MLA
East Midlands,EMA;Malta,MLA
Karlsruhe/Baden-Baden,FKB;Malta,MLA
Gdansk,GDN;Malta,MLA
Krakow,KRK;Malta,MLA
Leeds,LBA;Malta,MLA
Liverpool,LPL;Malta,MLA
London,LTN;Malta,MLA
Madrid,MAD;Malta,MLA
Manchester,MAN;Malta,MLA
Marseille,MRS;Malta,MLA
Naples,NAP;Malta,MLA
Nuernberg,NUE;Malta,MLA
Stockholm,NYO;Malta,MLA
Prestwick,PIK;Malta,MLA
Poznan,POZ;Malta,MLA
Pisa,PSA;Malta,MLA
Riga,RIX;Malta,MLA
London,STN;Malta,MLA
Berlin,SXF;Malta,MLA
Toulouse,TLS;Malta,MLA
Torino,TRN;Malta,MLA
Treviso,TSF;Malta,MLA
Valencia,VLC;Malta,MLA
Vilnius,VNO;Malta,MLA
Wroclaw,WRO;Malta,MLA
Krakow,KRK;Malmoe,MMX
Charleroi,CRL;Montpellier,MPL
Malaga,AGP;Marseille,MRS
Brest,BES;Marseille,MRS
Rome,CIA;Marseille,MRS
Charleroi,CRL;Marseille,MRS
Edinburgh,EDI;Marseille,MRS
Eindhoven,EIN;Marseille,MRS
Fes,FEZ;Marseille,MRS
Krakow,KRK;Marseille,MRS
Lille,LIL;Marseille,MRS
Lisbon,LIS;Marseille,MRS
Madrid,MAD;Marseille,MRS
Malta,MLA;Marseille,MRS
El Aroui,NDR;Marseille,MRS
Nantes,NTE;Marseille,MRS
Porto,OPO;Marseille,MRS
Oujda,OUD;Marseille,MRS
Palermo,PMO;Marseille,MRS
Marrakech,RAK;Marseille,MRS
Rabat,RBA;Marseille,MRS
London,STN;Marseille,MRS
Sevilla,SVQ;Marseille,MRS
Tanger,TNG;Marseille,MRS
Valencia,VLC;Marseille,MRS
Alicante,ALC;Maastricht,MST
Dublin,DUB;Munich,MUC
Alicante,ALC;Milano,MXP
Brussels,BRU;Milano,MXP
Comiso,CIY;Milano,MXP
Catania,CTA;Milano,MXP
Katowice,KTW;Milano,MXP
Gran Canaria,LPA;Milano,MXP
Liverpool,LPL;Milano,MXP
Porto,OPO;Milano,MXP
Bucharest,OTP;Milano,MXP
Palermo,PMO;Milano,MXP
Sofia,SOF;Milano,MXP
London,STN;Milano,MXP
Lamezia,SUF;Milano,MXP
Sevilla,SVQ;Milano,MXP
Valencia,VLC;Milano,MXP
Barcelona,BCN;Naples,NAP
Bergamo,BGY;Naples,NAP
Bologna,BLQ;Naples,NAP
Budapest,BUD;Naples,NAP
Charleroi,CRL;Naples,NAP
Dublin,DUB;Naples,NAP
Eindhoven,EIN;Naples,NAP
Hahn,HHN;Naples,NAP
Krakow,KRK;Naples,NAP
Kaunas,KUN;Naples,NAP
Lisbon,LIS;Naples,NAP
Madrid,MAD;Naples,NAP
Manchester,MAN;Naples,NAP
Malta,MLA;Naples,NAP
Porto,OPO;Naples,NAP
Thessaloniki,SKG;Naples,NAP
London,STN;Naples,NAP
Sevilla,SVQ;Naples,NAP
Toulouse,TLS;Naples,NAP
Treviso,TSF;Naples,NAP
Valencia,VLC;Naples,NAP
Warsaw,WMI;Naples,NAP
Wroclaw,WRO;Naples,NAP
Dublin,DUB;Nice,NCE
London,STN;Nice,NCE
Arrecife,ACE;Newcastle,NCL
Malaga,AGP;Newcastle,NCL
Alicante,ALC;Newcastle,NCL
Dublin,DUB;Newcastle,NCL
Madrid,MAD;Newcastle,NCL
Tenerife,TFS;Newcastle,NCL
Warsaw,WMI;Newcastle,NCL
Wroclaw,WRO;Newcastle,NCL
Barcelona,BCN;El Aroui,NDR
Beauvais,BVA;El Aroui,NDR
Charleroi,CRL;El Aroui,NDR
Hahn,HHN;El Aroui,NDR
Marseille,MRS;El Aroui,NDR
Weeze,NRN;El Aroui,NDR
Arrecife,ACE;Connaught,NOC
East Midlands,EMA;Connaught,NOC
Liverpool,LPL;Connaught,NOC
London,LTN;Connaught,NOC
London,STN;Connaught,NOC
Arrecife,ACE;Weeze,NRN
Malaga,AGP;Weeze,NRN
Alicante,ALC;Weeze,NRN
Bergamo,BGY;Weeze,NRN
Bari,BRI;Weeze,NRN
Edinburgh,EDI;Weeze,NRN
Faro,FAO;Weeze,NRN
Fes,FEZ;Weeze,NRN
Fuerteventura,FUE;Weeze,NRN
Nis,INI;Weeze,NRN
Gran Canaria,LPA;Weeze,NRN
El Aroui,NDR;Weeze,NRN
Stockholm,NYO;Weeze,NRN
Oradea,OMR;Weeze,NRN
Palermo,PMO;Weeze,NRN
Marrakech,RAK;Weeze,NRN
Rabat,RBA;Weeze,NRN
Thessaloniki,SKG;Weeze,NRN
London,STN;Weeze,NRN
Tenerife,TFS;Weeze,NRN
Tallinn-ulemiste International,TLL;Weeze,NRN
Tanger,TNG;Weeze,NRN
Timisoara,TSR;Weeze,NRN
Ovda,VDA;Weeze,NRN
Valencia,VLC;Weeze,NRN
Dublin,DUB;Nantes,NTE
Edinburgh,EDI;Nantes,NTE
Fes,FEZ;Nantes,NTE
Marseille,MRS;Nantes,NTE
Bergamo,BGY;Nuernberg,NUE
Bari,BRI;Nuernberg,NUE
Budapest,BUD;Nuernberg,NUE
Rome,CIA;Nuernberg,NUE
Krakow,KRK;Nuernberg,NUE
Madrid,MAD;Nuernberg,NUE
Manchester,MAN;Nuernberg,NUE
Malta,MLA;Nuernberg,NUE
Porto,OPO;Nuernberg,NUE
Palermo,PMO;Nuernberg,NUE
London,STN;Nuernberg,NUE
Vilnius,VNO;Nuernberg,NUE
Malaga,AGP;Stockholm,NYO
Alicante,ALC;Stockholm,NYO
Barcelona,BCN;Stockholm,NYO
Bergamo,BGY;Stockholm,NYO
Beauvais,BVA;Stockholm,NYO
Charleroi,CRL;Stockholm,NYO
Memmingen,FMM;Stockholm,NYO
Gdansk,GDN;Stockholm,NYO
Nis,INI;Stockholm,NYO
Krakow,KRK;Stockholm,NYO
Gran Canaria,LPA;Stockholm,NYO
Malta,MLA;Stockholm,NYO
Weeze,NRN;Stockholm,NYO
London,STN;Stockholm,NYO
Tenerife,TFS;Stockholm,NYO
Podgorica,TGD;Stockholm,NYO
Warsaw,WMI;Stockholm,NYO
Bergamo,BGY;Oradea,OMR
Memmingen,FMM;Oradea,OMR
Gerona,GRO;Oradea,OMR
Weeze,NRN;Oradea,OMR
London,STN;Oradea,OMR
Barcelona,BCN;Porto,OPO
Bergamo,BGY;Porto,OPO
Bordeaux,BOD;Porto,OPO
Brussels,BRU;Porto,OPO
Beauvais,BVA;Porto,OPO
Carcassonne,CCF;Porto,OPO
Clermont-Ferrand,CFE;Porto,OPO
Cologne,CGN;Porto,OPO
Rome,CIA;Porto,OPO
Charleroi,CRL;Porto,OPO
Dole,DLE;Porto,OPO
Dortmund,DTM;Porto,OPO
Dublin,DUB;Porto,OPO
Edinburgh,EDI;Porto,OPO
Eindhoven,EIN;Porto,OPO
Faro,FAO;Porto,OPO
Karlsruhe/Baden-Baden,FKB;Porto,OPO
Memmingen,FMM;Porto,OPO
Frankfurt,FRA;Porto,OPO
Hamburg,HAM;Porto,OPO
Hahn,HHN;Porto,OPO
Krakow,KRK;Porto,OPO
Lisbon,LIS;Porto,OPO
Liverpool,LPL;Porto,OPO
Lorient,LRT;Porto,OPO
Luxemburg,LUX;Porto,OPO
Madrid,MAD;Porto,OPO
Marseille,MRS;Porto,OPO
Milano,MXP;Porto,OPO
Naples,NAP;Porto,OPO
Nuernberg,NUE;Porto,OPO
Ponta Delgada,PDL;Porto,OPO
London,STN;Porto,OPO
Strasbourg,SXB;Porto,OPO
Berlin,SXF;Porto,OPO
Lajes (terceira Island),TER;Porto,OPO
Tenerife,TFS;Porto,OPO
Tours,TUF;Porto,OPO
Valencia,VLC;Porto,OPO
Warsaw,WMI;Porto,OPO
Chalons,XCR;Porto,OPO
Arrecife,ACE;Cork,ORK
Malaga,AGP;Cork,ORK
Gdansk,GDN;Cork,ORK
London,LGW;Cork,ORK
Gran Canaria,LPA;Cork,ORK
Liverpool,LPL;Cork,ORK
London,STN;Cork,ORK
Tenerife,TFS;Cork,ORK
Wroclaw,WRO;Cork,ORK
London,STN;Oslo,OSL
Vilnius,VNO;Oslo,OSL
Bergamo,BGY;Ostrava,OSR
London,STN;Ostrava,OSR
Athens,ATH;Bucharest,OTP
Bergamo,BGY;Bucharest,OTP
Bologna,BLQ;Bucharest,OTP
Bristol,BRS;Bucharest,OTP
Rome,CIA;Bucharest,OTP
Charleroi,CRL;Bucharest,OTP
Dublin,DUB;Bucharest,OTP
Madrid,MAD;Bucharest,OTP
Milano,MXP;Bucharest,OTP
London,STN;Bucharest,OTP
Berlin,SXF;Bucharest,OTP
Timisoara,TSR;Bucharest,OTP
Beauvais,BVA;Oujda,OUD
Charleroi,CRL;Oujda,OUD
Marseille,MRS;Oujda,OUD
Lisbon,LIS;Ponta Delgada,PDL
Porto,OPO;Ponta Delgada,PDL
London,STN;Ponta Delgada,PDL
Bergamo,BGY;Plovdiv,PDV
Charleroi,CRL;Plovdiv,PDV
Hahn,HHN;Plovdiv,PDV
London,STN;Plovdiv,PDV
London,STN;Pardubice,PED
Catania,CTA;Perugia,PEG
London,STN;Perugia,PEG
Thessaloniki,SKG;Paphos,PFO
London,STN;Paphos,PFO
Tel-aviv,TLV;Paphos,PFO
Charleroi,CRL;Perpignan,PGF
Marrakech,RAK;Perpignan,PGF
Arrecife,ACE;Prestwick,PIK
Malaga,AGP;Prestwick,PIK
Alicante,ALC;Prestwick,PIK
Barcelona,BCN;Prestwick,PIK
Faro,FAO;Prestwick,PIK
Fuerteventura,FUE;Prestwick,PIK
Gran Canaria,LPA;Prestwick,PIK
Malta,MLA;Prestwick,PIK
Rzeszow,RZE;Prestwick,PIK
Tenerife,TFS;Prestwick,PIK
London,STN;Poitiers,PIS
London,STN;Palanga,PLQ
Cagliari,CAG;Parma,PMF
Malaga,AGP;Palma de Mallorca,PMI
Barcelona,BCN;Palma de Mallorca,PMI
Bremen,BRE;Palma de Mallorca,PMI
Cologne,CGN;Palma de Mallorca,PMI
Charleroi,CRL;Palma de Mallorca,PMI
Dortmund,DTM;Palma de Mallorca,PMI
Eindhoven,EIN;Palma de Mallorca,PMI
Karlsruhe/Baden-Baden,FKB;Palma de Mallorca,PMI
Memmingen,FMM;Palma de Mallorca,PMI
Frankfurt,FRA;Palma de Mallorca,PMI
Hahn,HHN;Palma de Mallorca,PMI
Madrid,MAD;Palma de Mallorca,PMI
Manchester,MAN;Palma de Mallorca,PMI
Santiago,SCQ;Palma de Mallorca,PMI
London,STN;Palma de Mallorca,PMI
Sevilla,SVQ;Palma de Mallorca,PMI
Berlin,SXF;Palma de Mallorca,PMI
Valencia,VLC;Palma de Mallorca,PMI
Warsaw,WMI;Palma de Mallorca,PMI
Bergamo,BGY;Palermo,PMO
Bologna,BLQ;Palermo,PMO
Budapest,BUD;Palermo,PMO
Beauvais,BVA;Palermo,PMO
Rome,FCO;Palermo,PMO
Memmingen,FMM;Palermo,PMO
Madrid,MAD;Palermo,PMO
Marseille,MRS;Palermo,PMO
Milano,MXP;Palermo,PMO
Weeze,NRN;Palermo,PMO
Nuernberg,NUE;Palermo,PMO
Pisa,PSA;Palermo,PMO
London,STN;Palermo,PMO
Berlin,SXF;Palermo,PMO
Torino,TRN;Palermo,PMO
Treviso,TSF;Palermo,PMO
Villafranca,VRN;Palermo,PMO
Wroclaw,WRO;Palermo,PMO
Alicante,ALC;Poznan,POZ
Athens,ATH;Poznan,POZ
Billund,BLL;Poznan,POZ
Bristol,BRS;Poznan,POZ
Castellón de la Plana,CDT;Poznan,POZ
Dublin,DUB;Poznan,POZ
Edinburgh,EDI;Poznan,POZ
Liverpool,LPL;Poznan,POZ
Madrid,MAD;Poznan,POZ
Malta,MLA;Poznan,POZ
London,STN;Poznan,POZ
Tel-aviv,TLV;Poznan,POZ
Sandefjord,TRF;Poznan,POZ
Ovda,VDA;Poznan,POZ
Malaga,AGP;Prague,PRG
Barcelona,BCN;Prague,PRG
Bergamo,BGY;Prague,PRG
Bologna,BLQ;Prague,PRG
Budapest,BUD;Prague,PRG
Rome,CIA;Prague,PRG
Charleroi,CRL;Prague,PRG
Dublin,DUB;Prague,PRG
Edinburgh,EDI;Prague,PRG
Eindhoven,EIN;Prague,PRG
Krakow,KRK;Prague,PRG
Liverpool,LPL;Prague,PRG
Madrid,MAD;Prague,PRG
London,STN;Prague,PRG
Alghero,AHO;Pisa,PSA
Brindisi,BDS;Pisa,PSA
Bari,BRI;Pisa,PSA
Budapest,BUD;Pisa,PSA
Beauvais,BVA;Pisa,PSA
Cagliari,CAG;Pisa,PSA
Comiso,CIY;Pisa,PSA
Charleroi,CRL;Pisa,PSA
Catania,CTA;Pisa,PSA
Eindhoven,EIN;Pisa,PSA
Frankfurt,FRA;Pisa,PSA
Fuerteventura,FUE;Pisa,PSA
Gerona,GRO;Pisa,PSA
Hahn,HHN;Pisa,PSA
Krakow,KRK;Pisa,PSA
Lisbon,LIS;Pisa,PSA
Gran Canaria,LPA;Pisa,PSA
Madrid,MAD;Pisa,PSA
Malta,MLA;Pisa,PSA
Palermo,PMO;Pisa,PSA
Marrakech,RAK;Pisa,PSA
London,STN;Pisa,PSA
Lamezia,SUF;Pisa,PSA
Sevilla,SVQ;Pisa,PSA
Berlin,SXF;Pisa,PSA
Tenerife,TFS;Pisa,PSA
Trapani,TPS;Pisa,PSA
Valencia,VLC;Pisa,PSA
Bergamo,BGY;Pescara,PSR
Charleroi,CRL;Pescara,PSR
Hahn,HHN;Pescara,PSR
London,STN;Pescara,PSR
Barcelona,BCN;Marrakech,RAK
Bergamo,BGY;Marrakech,RAK
Budapest,BUD;Marrakech,RAK
Beauvais,BVA;Marrakech,RAK
Cologne,CGN;Marrakech,RAK
Rome,CIA;Marrakech,RAK
Charleroi,CRL;Marrakech,RAK
Dole,DLE;Marrakech,RAK
Eindhoven,EIN;Marrakech,RAK
Nimes,FNI;Marrakech,RAK
Hamburg,HAM;Marrakech,RAK
Hahn,HHN;Marrakech,RAK
Krakow,KRK;Marrakech,RAK
Liverpool,LPL;Marrakech,RAK
London,LTN;Marrakech,RAK
Madrid,MAD;Marrakech,RAK
Marseille,MRS;Marrakech,RAK
Weeze,NRN;Marrakech,RAK
Perpignan,PGF;Marrakech,RAK
Pisa,PSA;Marrakech,RAK
Santander,SDR;Marrakech,RAK
London,STN;Marrakech,RAK
Sevilla,SVQ;Marrakech,RAK
Treviso,TSF;Marrakech,RAK
Tours,TUF;Marrakech,RAK
Valencia,VLC;Marrakech,RAK
Chalons,XCR;Marrakech,RAK
Beauvais,BVA;Rabat,RBA
Rome,CIA;Rabat,RBA
Charleroi,CRL;Rabat,RBA
Gerona,GRO;Rabat,RBA
Madrid,MAD;Rabat,RBA
Marseille,MRS;Rabat,RBA
Weeze,NRN;Rabat,RBA
London,STN;Rabat,RBA
Eindhoven,EIN;Reus,REU
London,STN;Reus,REU
Athens,ATH;Rhodos,RHO
Bergamo,BGY;Riga,RIX
Bremen,BRE;Riga,RIX
Cologne,CGN;Riga,RIX
Charleroi,CRL;Riga,RIX
Dublin,DUB;Riga,RIX
East Midlands,EMA;Riga,RIX
Glasgow,GLA;Riga,RIX
Hahn,HHN;Riga,RIX
Leeds,LBA;Riga,RIX
Manchester,MAN;Riga,RIX
Malta,MLA;Riga,RIX
London,STN;Riga,RIX
Berlin,SXF;Riga,RIX
Bristol,BRS;Rzeszow,RZE
Dublin,DUB;Rzeszow,RZE
East Midlands,EMA;Rzeszow,RZE
London,LTN;Rzeszow,RZE
Manchester,MAN;Rzeszow,RZE
Prestwick,PIK;Rzeszow,RZE
London,STN;Rzeszow,RZE
Arrecife,ACE;Santiago,SCQ
Malaga,AGP;Santiago,SCQ
Alicante,ALC;Santiago,SCQ
Barcelona,BCN;Santiago,SCQ
Bergamo,BGY;Santiago,SCQ
Hahn,HHN;Santiago,SCQ
Gran Canaria,LPA;Santiago,SCQ
Madrid,MAD;Santiago,SCQ
Palma de Mallorca,PMI;Santiago,SCQ
London,STN;Santiago,SCQ
Sevilla,SVQ;Santiago,SCQ
Tenerife,TFS;Santiago,SCQ
Valencia,VLC;Santiago,SCQ
Malaga,AGP;Santander,SDR
Barcelona,BCN;Santander,SDR
Rome,CIA;Santander,SDR
Charleroi,CRL;Santander,SDR
Edinburgh,EDI;Santander,SDR
Marrakech,RAK;Santander,SDR
London,STN;Santander,SDR
Berlin,SXF;Santander,SDR
Tenerife,TFS;Santander,SDR
Valencia,VLC;Santander,SDR
Athens,ATH;Thessaloniki,SKG
Bergamo,BGY;Thessaloniki,SKG
Rome,CIA;Thessaloniki,SKG
Charleroi,CRL;Thessaloniki,SKG
Dortmund,DTM;Thessaloniki,SKG
Eindhoven,EIN;Thessaloniki,SKG
Karlsruhe/Baden-Baden,FKB;Thessaloniki,SKG
Memmingen,FMM;Thessaloniki,SKG
Hahn,HHN;Thessaloniki,SKG
Naples,NAP;Thessaloniki,SKG
Weeze,NRN;Thessaloniki,SKG
Paphos,PFO;Thessaloniki,SKG
London,STN;Thessaloniki,SKG
Berlin,SXF;Thessaloniki,SKG
Arrecife,ACE;Shannon,SNN
Malaga,AGP;Shannon,SNN
Fuerteventura,FUE;Shannon,SNN
Krakow,KRK;Shannon,SNN
Kaunas,KUN;Shannon,SNN
London,LGW;Shannon,SNN
Manchester,MAN;Shannon,SNN
London,STN;Shannon,SNN
Tenerife,TFS;Shannon,SNN
Warsaw,WMI;Shannon,SNN
Wroclaw,WRO;Shannon,SNN
Athens,ATH;Sofia,SOF
Barcelona,BCN;Sofia,SOF
Birmingham,BHX;Sofia,SOF
Cologne,CGN;Sofia,SOF
Rome,CIA;Sofia,SOF
Charleroi,CRL;Sofia,SOF
Dublin,DUB;Sofia,SOF
Eindhoven,EIN;Sofia,SOF
Karlsruhe/Baden-Baden,FKB;Sofia,SOF
Glasgow,GLA;Sofia,SOF
Hamburg,HAM;Sofia,SOF
Liverpool,LPL;Sofia,SOF
Madrid,MAD;Sofia,SOF
Milano,MXP;Sofia,SOF
London,STN;Sofia,SOF
Berlin,SXF;Sofia,SOF
Aalborg,AAL;London,STN
Aarhus,AAR;London,STN
Arrecife,ACE;London,STN
Agadir,AGA;London,STN
Malaga,AGP;London,STN
Alicante,ALC;London,STN
Ancona,AOI;London,STN
Athens,ATH;London,STN
Barcelona,BCN;London,STN
Brindisi,BDS;London,STN
Bergamo,BGY;London,STN
Biarritz-bayonne,BIQ;London,STN
Billund,BLL;London,STN
Bologna,BLQ;London,STN
Bordeaux,BOD;London,STN
Bremen,BRE;London,STN
Bari,BRI;London,STN
Brno,BRQ;London,STN
Mulhouse,BSL;London,STN
Bratislava,BTS;London,STN
Budapest,BUD;London,STN
Bydgoszcz,BZG;London,STN
Cagliari,CAG;London,STN
Carcassonne,CCF;London,STN
Castellón de la Plana,CDT;London,STN
Cologne,CGN;London,STN
Rome,CIA;London,STN
Copenhagen,CPH;London,STN
Dinard,DNR;London,STN
Dortmund,DTM;London,STN
Dublin,DUB;London,STN
Bergerac,EGC;London,STN
Eindhoven,EIN;London,STN
Faro,FAO;London,STN
Fes,FEZ;London,STN
Karlsruhe/Baden-Baden,FKB;London,STN
Memmingen,FMM;London,STN
Frankfurt,FRA;London,STN
Fuerteventura,FUE;London,STN
Gdansk,GDN;London,STN
Grenoble,GNB;London,STN
Genoa,GOA;London,STN
Gothenborg,GOT;London,STN
Hahn,HHN;London,STN
Kerry,KIR;London,STN
Krakow,KRK;London,STN
Katowice,KTW;London,STN
Kaunas,KUN;London,STN
Lodz,LCJ;London,STN
Tarbes,LDE;London,STN
Leipzig,LEJ;London,STN
Limoges,LIG;London,STN
Lisbon,LIS;London,STN
Linz,LNZ;London,STN
Gran Canaria,LPA;London,STN
La Rochelle,LRH;London,STN
Luxemburg,LUX;London,STN
Madrid,MAD;London,STN
Murcia,MJV;London,STN
Malta,MLA;London,STN
Marseille,MRS;London,STN
Milano,MXP;London,STN
Naples,NAP;London,STN
Nice,NCE;London,STN
Connaught,NOC;London,STN
Weeze,NRN;London,STN
Nuernberg,NUE;London,STN
Stockholm,NYO;London,STN
Oradea,OMR;London,STN
Porto,OPO;London,STN
Cork,ORK;London,STN
Oslo,OSL;London,STN
Ostrava,OSR;London,STN
Bucharest,OTP;London,STN
Ponta Delgada,PDL;London,STN
Plovdiv,PDV;London,STN
Pardubice,PED;London,STN
Perugia,PEG;London,STN
Paphos,PFO;London,STN
Poitiers,PIS;London,STN
Palanga,PLQ;London,STN
Palma de Mallorca,PMI;London,STN
Palermo,PMO;London,STN
Poznan,POZ;London,STN
Prague,PRG;London,STN
Pisa,PSA;London,STN
Pescara,PSR;London,STN
Marrakech,RAK;London,STN
Rabat,RBA;London,STN
Reus,REU;London,STN
Riga,RIX;London,STN
Rzeszow,RZE;London,STN
Santiago,SCQ;London,STN
Santander,SDR;London,STN
Thessaloniki,SKG;London,STN
Shannon,SNN;London,STN
Sofia,SOF;London,STN
Lamezia,SUF;London,STN
Sevilla,SVQ;London,STN
Berlin,SXF;London,STN
Salzburg,SZG;London,STN
Szczytno-Szymany,SZY;London,STN
Szczecin,SZZ;London,STN
Tenerife,TFS;London,STN
Podgorica,TGD;London,STN
Tallinn-ulemiste International,TLL;London,STN
Toulouse,TLS;London,STN
Sandefjord,TRF;London,STN
Torino,TRN;London,STN
Ronchi De Legionari,TRS;London,STN
Treviso,TSF;London,STN
Timisoara,TSR;London,STN
Tours,TUF;London,STN
Valencia,VLC;London,STN
Vilnius,VNO;London,STN
Villafranca,VRN;London,STN
Vasteras,VST;London,STN
Warsaw,WMI;London,STN
Wroclaw,WRO;London,STN
Jerez,XRY;London,STN
Zaragoza,ZAZ;London,STN
Dublin,DUB;Stuttgart,STR
Manchester,MAN;Stuttgart,STR
Bergamo,BGY;Lamezia,SUF
Bologna,BLQ;Lamezia,SUF
Charleroi,CRL;Lamezia,SUF
Hahn,HHN;Lamezia,SUF
Madrid,MAD;Lamezia,SUF
Milano,MXP;Lamezia,SUF
Pisa,PSA;Lamezia,SUF
London,STN;Lamezia,SUF
Treviso,TSF;Lamezia,SUF
Arrecife,ACE;Sevilla,SVQ
Barcelona,BCN;Sevilla,SVQ
Bergamo,BGY;Sevilla,SVQ
Bologna,BLQ;Sevilla,SVQ
Bordeaux,BOD;Sevilla,SVQ
Bari,BRI;Sevilla,SVQ
Beauvais,BVA;Sevilla,SVQ
Cologne,CGN;Sevilla,SVQ
Rome,CIA;Sevilla,SVQ
Charleroi,CRL;Sevilla,SVQ
Dublin,DUB;Sevilla,SVQ
Eindhoven,EIN;Sevilla,SVQ
East Midlands,EMA;Sevilla,SVQ
Fes,FEZ;Sevilla,SVQ
Karlsruhe/Baden-Baden,FKB;Sevilla,SVQ
Memmingen,FMM;Sevilla,SVQ
Frankfurt,FRA;Sevilla,SVQ
Hamburg,HAM;Sevilla,SVQ
Ibiza,IBZ;Sevilla,SVQ
Krakow,KRK;Sevilla,SVQ
Gran Canaria,LPA;Sevilla,SVQ
Manchester,MAN;Sevilla,SVQ
Marseille,MRS;Sevilla,SVQ
Milano,MXP;Sevilla,SVQ
Naples,NAP;Sevilla,SVQ
Palma de Mallorca,PMI;Sevilla,SVQ
Pisa,PSA;Sevilla,SVQ
Marrakech,RAK;Sevilla,SVQ
Santiago,SCQ;Sevilla,SVQ
London,STN;Sevilla,SVQ
Berlin,SXF;Sevilla,SVQ
Tenerife,TFS;Sevilla,SVQ
Toulouse,TLS;Sevilla,SVQ
Vitoria,VIT;Sevilla,SVQ
Valencia,VLC;Sevilla,SVQ
Valladolid,VLL;Sevilla,SVQ
Villafranca,VRN;Sevilla,SVQ
Warsaw,WMI;Sevilla,SVQ
Porto,OPO;Strasbourg,SXB
Arrecife,ACE;Berlin,SXF
Malaga,AGP;Berlin,SXF
Alicante,ALC;Berlin,SXF
Athens,ATH;Berlin,SXF
Barcelona,BCN;Berlin,SXF
Belfast,BFS;Berlin,SXF
Bergamo,BGY;Berlin,SXF
Billund,BLL;Berlin,SXF
Bologna,BLQ;Berlin,SXF
Bari,BRI;Berlin,SXF
Brussels,BRU;Berlin,SXF
Bratislava,BTS;Berlin,SXF
Budapest,BUD;Berlin,SXF
Rome,CIA;Berlin,SXF
Catania,CTA;Berlin,SXF
Dublin,DUB;Berlin,SXF
East Midlands,EMA;Berlin,SXF
Fuerteventura,FUE;Berlin,SXF
Glasgow,GLA;Berlin,SXF
Nis,INI;Berlin,SXF
Kerry,KIR;Berlin,SXF
Krakow,KRK;Berlin,SXF
Lisbon,LIS;Berlin,SXF
Gran Canaria,LPA;Berlin,SXF
Madrid,MAD;Berlin,SXF
Manchester,MAN;Berlin,SXF
Malta,MLA;Berlin,SXF
Porto,OPO;Berlin,SXF
Bucharest,OTP;Berlin,SXF
Palma de Mallorca,PMI;Berlin,SXF
Palermo,PMO;Berlin,SXF
Pisa,PSA;Berlin,SXF
Riga,RIX;Berlin,SXF
Santander,SDR;Berlin,SXF
Thessaloniki,SKG;Berlin,SXF
Sofia,SOF;Berlin,SXF
London,STN;Berlin,SXF
Sevilla,SVQ;Berlin,SXF
Tenerife,TFS;Berlin,SXF
Podgorica,TGD;Berlin,SXF
Toulouse,TLS;Berlin,SXF
Treviso,TSF;Berlin,SXF
Timisoara,TSR;Berlin,SXF
Ovda,VDA;Berlin,SXF
Valencia,VLC;Berlin,SXF
Vilnius,VNO;Berlin,SXF
Dublin,DUB;Salzburg,SZG
London,STN;Salzburg,SZG
London,STN;Szczytno-Szymany,SZY
Dublin,DUB;Szczecin,SZZ
Liverpool,LPL;Szczecin,SZZ
London,STN;Szczecin,SZZ
Warsaw,WAW;Szczecin,SZZ
Lisbon,LIS;Lajes (terceira Island),TER
Porto,OPO;Lajes (terceira Island),TER
Barcelona,BCN;Tenerife,TFN
Madrid,MAD;Tenerife,TFN
Barcelona,BCN;Tenerife,TFS
Belfast,BFS;Tenerife,TFS
Bergamo,BGY;Tenerife,TFS
Birmingham,BHX;Tenerife,TFS
Bologna,BLQ;Tenerife,TFS
Bournemouth,BOH;Tenerife,TFS
Bremen,BRE;Tenerife,TFS
Bristol,BRS;Tenerife,TFS
Beauvais,BVA;Tenerife,TFS
Cologne,CGN;Tenerife,TFS
Copenhagen,CPH;Tenerife,TFS
Charleroi,CRL;Tenerife,TFS
Cardiff,CWL;Tenerife,TFS
Dublin,DUB;Tenerife,TFS
Edinburgh,EDI;Tenerife,TFS
Eindhoven,EIN;Tenerife,TFS
East Midlands,EMA;Tenerife,TFS
Karlsruhe/Baden-Baden,FKB;Tenerife,TFS
Memmingen,FMM;Tenerife,TFS
Frankfurt,FRA;Tenerife,TFS
Hahn,HHN;Tenerife,TFS
Krakow,KRK;Tenerife,TFS
Leeds,LBA;Tenerife,TFS
Liverpool,LPL;Tenerife,TFS
London,LTN;Tenerife,TFS
Madrid,MAD;Tenerife,TFS
Manchester,MAN;Tenerife,TFS
Newcastle,NCL;Tenerife,TFS
Weeze,NRN;Tenerife,TFS
Stockholm,NYO;Tenerife,TFS
Porto,OPO;Tenerife,TFS
Cork,ORK;Tenerife,TFS
Prestwick,PIK;Tenerife,TFS
Pisa,PSA;Tenerife,TFS
Santiago,SCQ;Tenerife,TFS
Santander,SDR;Tenerife,TFS
Shannon,SNN;Tenerife,TFS
London,STN;Tenerife,TFS
Sevilla,SVQ;Tenerife,TFS
Berlin,SXF;Tenerife,TFS
Sandefjord,TRF;Tenerife,TFS
Treviso,TSF;Tenerife,TFS
Vitoria,VIT;Tenerife,TFS
Valencia,VLC;Tenerife,TFS
Warsaw,WMI;Tenerife,TFS
Wroclaw,WRO;Tenerife,TFS
Charleroi,CRL;Podgorica,TGD
Stockholm,NYO;Podgorica,TGD
London,STN;Podgorica,TGD
Berlin,SXF;Podgorica,TGD
Bergamo,BGY;Tallinn-ulemiste International,TLL
Weeze,NRN;Tallinn-ulemiste International,TLL
London,STN;Tallinn-ulemiste International,TLL
Charleroi,CRL;Toulouse,TLS
Edinburgh,EDI;Toulouse,TLS
Fes,FEZ;Toulouse,TLS
Frankfurt,FRA;Toulouse,TLS
Lisbon,LIS;Toulouse,TLS
Madrid,MAD;Toulouse,TLS
Malta,MLA;Toulouse,TLS
Naples,NAP;Toulouse,TLS
London,STN;Toulouse,TLS
Sevilla,SVQ;Toulouse,TLS
Berlin,SXF;Toulouse,TLS
Warsaw,WMI;Toulouse,TLS
Bergamo,BGY;Tel-aviv,TLV
Rome,FCO;Tel-aviv,TLV
Karlsruhe/Baden-Baden,FKB;Tel-aviv,TLV
Gdansk,GDN;Tel-aviv,TLV
Krakow,KRK;Tel-aviv,TLV
Paphos,PFO;Tel-aviv,TLV
Poznan,POZ;Tel-aviv,TLV
Wroclaw,WRO;Tel-aviv,TLV
Beauvais,BVA;Tanger,TNG
Charleroi,CRL;Tanger,TNG
Hahn,HHN;Tanger,TNG
Madrid,MAD;Tanger,TNG
Marseille,MRS;Tanger,TNG
Weeze,NRN;Tanger,TNG
Bergamo,BGY;Trapani,TPS
Bologna,BLQ;Trapani,TPS
Cagliari,CAG;Trapani,TPS
Charleroi,CRL;Trapani,TPS
Pisa,PSA;Trapani,TPS
Alicante,ALC;Sandefjord,TRF
Bergamo,BGY;Sandefjord,TRF
Gdansk,GDN;Sandefjord,TRF
Krakow,KRK;Sandefjord,TRF
Gran Canaria,LPA;Sandefjord,TRF
Manchester,MAN;Sandefjord,TRF
Poznan,POZ;Sandefjord,TRF
London,STN;Sandefjord,TRF
Tenerife,TFS;Sandefjord,TRF
Warsaw,WMI;Sandefjord,TRF
Wroclaw,WRO;Sandefjord,TRF
Barcelona,BCN;Torino,TRN
Brindisi,BDS;Torino,TRN
Bari,BRI;Torino,TRN
Charleroi,CRL;Torino,TRN
Catania,CTA;Torino,TRN
Dublin,DUB;Torino,TRN
Malta,MLA;Torino,TRN
Palermo,PMO;Torino,TRN
London,STN;Torino,TRN
Valencia,VLC;Torino,TRN
Bari,BRI;Ronchi De Legionari,TRS
Rome,CIA;Ronchi De Legionari,TRS
Catania,CTA;Ronchi De Legionari,TRS
London,STN;Ronchi De Legionari,TRS
Valencia,VLC;Ronchi De Legionari,TRS
Malaga,AGP;Treviso,TSF
Brindisi,BDS;Treviso,TSF
Bari,BRI;Treviso,TSF
Brussels,BRU;Treviso,TSF
Budapest,BUD;Treviso,TSF
Beauvais,BVA;Treviso,TSF
Cagliari,CAG;Treviso,TSF
Cologne,CGN;Treviso,TSF
Charleroi,CRL;Treviso,TSF
Catania,CTA;Treviso,TSF
Dublin,DUB;Treviso,TSF
Edinburgh,EDI;Treviso,TSF
Eindhoven,EIN;Treviso,TSF
East Midlands,EMA;Treviso,TSF
Frankfurt,FRA;Treviso,TSF
Hahn,HHN;Treviso,TSF
Krakow,KRK;Treviso,TSF
Malta,MLA;Treviso,TSF
Naples,NAP;Treviso,TSF
Palermo,PMO;Treviso,TSF
Marrakech,RAK;Treviso,TSF
London,STN;Treviso,TSF
Lamezia,SUF;Treviso,TSF
Berlin,SXF;Treviso,TSF
Tenerife,TFS;Treviso,TSF
Valencia,VLC;Treviso,TSF
Warsaw,WMI;Treviso,TSF
Bergamo,BGY;Timisoara,TSR
Charleroi,CRL;Timisoara,TSR
Hahn,HHN;Timisoara,TSR
Weeze,NRN;Timisoara,TSR
Bucharest,OTP;Timisoara,TSR
London,STN;Timisoara,TSR
Berlin,SXF;Timisoara,TSR
Porto,OPO;Tours,TUF
Marrakech,RAK;Tours,TUF
London,STN;Tours,TUF
Charleroi,CRL;Varna,VAR
Barcelona,BCN;Venice,VCE
Bristol,BRS;Venice,VCE
Bergamo,BGY;Ovda,VDA
Bremen,BRE;Ovda,VDA
Bratislava,BTS;Ovda,VDA
Budapest,BUD;Ovda,VDA
Charleroi,CRL;Ovda,VDA
Karlsruhe/Baden-Baden,FKB;Ovda,VDA
Gdansk,GDN;Ovda,VDA
Hahn,HHN;Ovda,VDA
Krakow,KRK;Ovda,VDA
Kaunas,KUN;Ovda,VDA
Weeze,NRN;Ovda,VDA
Poznan,POZ;Ovda,VDA
Berlin,SXF;Ovda,VDA
Warsaw,WMI;Ovda,VDA
Barcelona,BCN;Vigo,VGO
Bergamo,BGY;Vitoria,VIT
Cologne,CGN;Vitoria,VIT
Sevilla,SVQ;Vitoria,VIT
Tenerife,TFS;Vitoria,VIT
Arrecife,ACE;Valencia,VLC
Bergamo,BGY;Valencia,VLC
Bologna,BLQ;Valencia,VLC
Bari,BRI;Valencia,VLC
Brussels,BRU;Valencia,VLC
Budapest,BUD;Valencia,VLC
Beauvais,BVA;Valencia,VLC
Cologne,CGN;Valencia,VLC
Rome,CIA;Valencia,VLC
Craiova,CRA;Valencia,VLC
Charleroi,CRL;Valencia,VLC
Dublin,DUB;Valencia,VLC
Edinburgh,EDI;Valencia,VLC
Eindhoven,EIN;Valencia,VLC
Frankfurt,FRA;Valencia,VLC
Glasgow,GLA;Valencia,VLC
Hamburg,HAM;Valencia,VLC
Hahn,HHN;Valencia,VLC
Ibiza,IBZ;Valencia,VLC
Krakow,KRK;Valencia,VLC
Gran Canaria,LPA;Valencia,VLC
Manchester,MAN;Valencia,VLC
Malta,MLA;Valencia,VLC
Marseille,MRS;Valencia,VLC
Milano,MXP;Valencia,VLC
Naples,NAP;Valencia,VLC
Weeze,NRN;Valencia,VLC
Porto,OPO;Valencia,VLC
Palma de Mallorca,PMI;Valencia,VLC
Pisa,PSA;Valencia,VLC
Marrakech,RAK;Valencia,VLC
Santiago,SCQ;Valencia,VLC
Santander,SDR;Valencia,VLC
London,STN;Valencia,VLC
Sevilla,SVQ;Valencia,VLC
Berlin,SXF;Valencia,VLC
Tenerife,TFS;Valencia,VLC
Torino,TRN;Valencia,VLC
Ronchi De Legionari,TRS;Valencia,VLC
Treviso,TSF;Valencia,VLC
Warsaw,WMI;Valencia,VLC
Barcelona,BCN;Valladolid,VLL
Sevilla,SVQ;Valladolid,VLL
Barcelona,BCN;Vilnius,VNO
Bergamo,BGY;Vilnius,VNO
Birmingham,BHX;Vilnius,VNO
Bremen,BRE;Vilnius,VNO
Beauvais,BVA;Vilnius,VNO
Cologne,CGN;Vilnius,VNO
Rome,CIA;Vilnius,VNO
Charleroi,CRL;Vilnius,VNO
Dublin,DUB;Vilnius,VNO
Hahn,HHN;Vilnius,VNO
Leeds,LBA;Vilnius,VNO
Liverpool,LPL;Vilnius,VNO
London,LTN;Vilnius,VNO
Madrid,MAD;Vilnius,VNO
Malta,MLA;Vilnius,VNO
Nuernberg,NUE;Vilnius,VNO
Oslo,OSL;Vilnius,VNO
London,STN;Vilnius,VNO
Berlin,SXF;Vilnius,VNO
Birmingham,BHX;Villafranca,VRN
Cagliari,CAG;Villafranca,VRN
Madrid,MAD;Villafranca,VRN
Palermo,PMO;Villafranca,VRN
London,STN;Villafranca,VRN
Sevilla,SVQ;Villafranca,VRN
London,STN;Vasteras,VST
Gdansk,GDN;Vaxjo,VXO
Szczecin,SZZ;Warsaw,WAW
Malaga,AGP;Warsaw,WMI
Alicante,ALC;Warsaw,WMI
Athens,ATH;Warsaw,WMI
Barcelona,BCN;Warsaw,WMI
Belfast,BFS;Warsaw,WMI
Bergamo,BGY;Warsaw,WMI
Birmingham,BHX;Warsaw,WMI
Bologna,BLQ;Warsaw,WMI
Bristol,BRS;Warsaw,WMI
Beauvais,BVA;Warsaw,WMI
Cologne,CGN;Warsaw,WMI
Rome,CIA;Warsaw,WMI
Charleroi,CRL;Warsaw,WMI
Dublin,DUB;Warsaw,WMI
Edinburgh,EDI;Warsaw,WMI
Eindhoven,EIN;Warsaw,WMI
East Midlands,EMA;Warsaw,WMI
Karlsruhe/Baden-Baden,FKB;Warsaw,WMI
Memmingen,FMM;Warsaw,WMI
Fuerteventura,FUE;Warsaw,WMI
Glasgow,GLA;Warsaw,WMI
Gothenborg,GOT;Warsaw,WMI
Leeds,LBA;Warsaw,WMI
Lisbon,LIS;Warsaw,WMI
Gran Canaria,LPA;Warsaw,WMI
Liverpool,LPL;Warsaw,WMI
Madrid,MAD;Warsaw,WMI
Manchester,MAN;Warsaw,WMI
Naples,NAP;Warsaw,WMI
Newcastle,NCL;Warsaw,WMI
Stockholm,NYO;Warsaw,WMI
Porto,OPO;Warsaw,WMI
Palma de Mallorca,PMI;Warsaw,WMI
Shannon,SNN;Warsaw,WMI
London,STN;Warsaw,WMI
Sevilla,SVQ;Warsaw,WMI
Tenerife,TFS;Warsaw,WMI
Toulouse,TLS;Warsaw,WMI
Sandefjord,TRF;Warsaw,WMI
Treviso,TSF;Warsaw,WMI
Ovda,VDA;Warsaw,WMI
Valencia,VLC;Warsaw,WMI
Malaga,AGP;Wroclaw,WRO
Belfast,BFS;Wroclaw,WRO
Bergamo,BGY;Wroclaw,WRO
Bologna,BLQ;Wroclaw,WRO
Bristol,BRS;Wroclaw,WRO
Beauvais,BVA;Wroclaw,WRO
Rome,CIA;Wroclaw,WRO
Charleroi,CRL;Wroclaw,WRO
Dublin,DUB;Wroclaw,WRO
Edinburgh,EDI;Wroclaw,WRO
East Midlands,EMA;Wroclaw,WRO
Gdansk,GDN;Wroclaw,WRO
Glasgow,GLA;Wroclaw,WRO
Leeds,LBA;Wroclaw,WRO
Lisbon,LIS;Wroclaw,WRO
Liverpool,LPL;Wroclaw,WRO
Madrid,MAD;Wroclaw,WRO
Manchester,MAN;Wroclaw,WRO
Malta,MLA;Wroclaw,WRO
Naples,NAP;Wroclaw,WRO
Newcastle,NCL;Wroclaw,WRO
Cork,ORK;Wroclaw,WRO
Palermo,PMO;Wroclaw,WRO
Shannon,SNN;Wroclaw,WRO
London,STN;Wroclaw,WRO
Tenerife,TFS;Wroclaw,WRO
Tel-aviv,TLV;Wroclaw,WRO
Sandefjord,TRF;Wroclaw,WRO
Porto,OPO;Chalons,XCR
Marrakech,RAK;Chalons,XCR
Barcelona,BCN;Jerez,XRY
Hahn,HHN;Jerez,XRY
London,STN;Jerez,XRY
Bergamo,BGY;Zaragoza,ZAZ
Charleroi,CRL;Zaragoza,ZAZ
London,STN;Zaragoza,ZAZ
Faro,FAO;Aberdeen,ABZ
Malta,MLA;Aberdeen,ABZ
Frankfurt,FRA;Agadir,AGA
Weeze,NRN;Agadir,AGA
Bratislava,BTS;Malaga,AGP
Haugesund,HAU;Malaga,AGP
Connaught,NOC;Malaga,AGP
Nuernberg,NUE;Malaga,AGP
Sandefjord,TRF;Malaga,AGP
Vasteras,VST;Malaga,AGP
Bratislava,BTS;Alghero,AHO
Charleroi,CRL;Alghero,AHO
Eindhoven,EIN;Alghero,AHO
Memmingen,FMM;Alghero,AHO
Hahn,HHN;Alghero,AHO
London,STN;Alghero,AHO
Bologna,BLQ;Alicante,ALC
Gdansk,GDN;Alicante,ALC
Haugesund,HAU;Alicante,ALC
Kerry,KIR;Alicante,ALC
Newquai,NQY;Alicante,ALC
Nuernberg,NUE;Alicante,ALC
Shannon,SNN;Alicante,ALC
Vasteras,VST;Alicante,ALC
Vaxjo,VXO;Alicante,ALC
Wroclaw,WRO;Alicante,ALC
Weeze,NRN;Ancona,AOI
Billund,BLL;Athens,ATH
Chania,CHQ;Athens,ATH
Dublin,DUB;Athens,ATH
Karlsruhe/Baden-Baden,FKB;Athens,ATH
Memmingen,FMM;Athens,ATH
Gdansk,GDN;Athens,ATH
Mykonos,JMK;Athens,ATH
Lodz,LCJ;Athens,ATH
Lappeenranta,LPP;Athens,ATH
Rzeszow,RZE;Athens,ATH
Vilnius,VNO;Athens,ATH
Wroclaw,WRO;Athens,ATH
East Midlands,EMA;Barcelona,BCN
Menorca,MAH;Barcelona,BCN
Malta,MLA;Rome,FCO
Malta,MLA;Barcelona,BCN
Beauvais,BVA;Brindisi,BDS
Manchester,MAN;Brindisi,BDS
Gerona,GRO;Belfast,BFS
London,LGW;Belfast,BFS
Billund,BLL;Bergamo,BGY
Bourgas,BOJ;Bergamo,BGY
Bremen,BRE;Bergamo,BGY
Kerkyra/corfu,CFU;Bergamo,BGY
Chania,CHQ;Bergamo,BGY
Keffallinia,EFL;Bergamo,BGY
Gothenborg,GOT;Bergamo,BGY
Ibiza,IBZ;Bergamo,BGY
Tarbes,LDE;Bergamo,BGY
Paphos,PFO;Bergamo,BGY
Palma de Mallorca,PMI;Bergamo,BGY
Rhodos,RHO;Bergamo,BGY
Santander,SDR;Bergamo,BGY
Vigo,VGO;Bergamo,BGY
Kerkyra/corfu,CFU;Birmingham,BHX
Chania,CHQ;Birmingham,BHX
Gerona,GRO;Birmingham,BHX
Ibiza,IBZ;Birmingham,BHX
Porto,OPO;Birmingham,BHX
Perpignan,PGF;Birmingham,BHX
Palma de Mallorca,PMI;Birmingham,BHX
Reus,REU;Birmingham,BHX
Dublin,DUB;Biarritz-bayonne,BIQ
Athens,ATH;Billund,BLL
Bergamo,BGY;Billund,BLL
Rome,CIA;Billund,BLL
Gerona,GRO;Billund,BLL
Malta,MLA;Billund,BLL
Palma de Mallorca,PMI;Billund,BLL
Pisa,PSA;Billund,BLL
Alicante,ALC;Bologna,BLQ
Bordeaux,BOD;Bologna,BLQ
Bristol,BRS;Bologna,BLQ
Ibiza,IBZ;Bologna,BLQ
Manchester,MAN;Bologna,BLQ
Porto,OPO;Bologna,BLQ
Palma de Mallorca,PMI;Bologna,BLQ
Thessaloniki,SKG;Bologna,BLQ
Vigo,VGO;Bologna,BLQ
Bologna,BLQ;Bordeaux,BOD
Edinburgh,EDI;Bordeaux,BOD
Gerona,GRO;Bournemouth,BOH
Gran Canaria,LPA;Bournemouth,BOH
Murcia,MJV;Bournemouth,BOH
Palma de Mallorca,PMI;Bournemouth,BOH
Bergamo,BGY;Bourgas,BOJ
Bratislava,BTS;Bourgas,BOJ
Memmingen,FMM;Bourgas,BOJ
Hahn,HHN;Bourgas,BOJ
Krakow,KRK;Bourgas,BOJ
Weeze,NRN;Bourgas,BOJ
Riga,RIX;Bourgas,BOJ
Rzeszow,RZE;Bourgas,BOJ
Tel-aviv,TLV;Bourgas,BOJ
Warsaw,WMI;Bourgas,BOJ
Bergamo,BGY;Bremen,BRE
Chania,CHQ;Bremen,BRE
Dublin,DUB;Bremen,BRE
Faro,FAO;Bremen,BRE
Gerona,GRO;Bremen,BRE
Lisbon,LIS;Bremen,BRE
Naples,NAP;Bremen,BRE
Stockholm,NYO;Bremen,BRE
Porto,OPO;Bremen,BRE
Thessaloniki,SKG;Bremen,BRE
Tallinn-ulemiste International,TLL;Bremen,BRE
Tel-aviv,TLV;Bremen,BRE
Tampere,TMP;Bremen,BRE
Dublin,DUB;Bari,BRI
Liverpool,LPL;Bari,BRI
Maastricht,MST;Bari,BRI
Bologna,BLQ;Bristol,BRS
Beziers,BZR;Bristol,BRS
Chania,CHQ;Bristol,BRS
Gerona,GRO;Bristol,BRS
Ibiza,IBZ;Bristol,BRS
Limoges,LIG;Bristol,BRS
Connaught,NOC;Bristol,BRS
Palma de Mallorca,PMI;Bristol,BRS
Palma de Mallorca,PMI;Brussels,BRU
Malaga,AGP;Bratislava,BTS
Alghero,AHO;Bratislava,BTS
Bourgas,BOJ;Bratislava,BTS
Beauvais,BVA;Bratislava,BTS
Kerkyra/corfu,CFU;Bratislava,BTS
Malta,MLA;Bratislava,BTS
Paphos,PFO;Bratislava,BTS
Palma de Mallorca,PMI;Bratislava,BTS
Thessaloniki,SKG;Bratislava,BTS
Tel-aviv,TLV;Bratislava,BTS
Kerkyra/corfu,CFU;Budapest,BUD
Malta,MLA;Budapest,BUD
Paphos,PFO;Budapest,BUD
Santander,SDR;Budapest,BUD
Tel-aviv,TLV;Budapest,BUD
Tampere,TMP;Budapest,BUD
Brindisi,BDS;Beauvais,BVA
Bratislava,BTS;Beauvais,BVA
Figari,FSC;Beauvais,BVA
Gerona,GRO;Beauvais,BVA
Malta,MLA;Beauvais,BVA
Palma de Mallorca,PMI;Beauvais,BVA
Thessaloniki,SKG;Beauvais,BVA
Zadar,ZAD;Beauvais,BVA
Zaragoza,ZAZ;Beauvais,BVA
London,STN;Brive,BVE
Glasgow,GLA;Bydgoszcz,BZG
Weeze,NRN;Bydgoszcz,BZG
Bristol,BRS;Beziers,BZR
Edinburgh,EDI;Beziers,BZR
Manchester,MAN;Beziers,BZR
Weeze,NRN;Beziers,BZR
Stockholm,NYO;Beziers,BZR
London,STN;Beziers,BZR
Weeze,NRN;Cagliari,CAG
Warsaw,WMI;Cagliari,CAG
East Midlands,EMA;Carcassonne,CCF
Glasgow,GLA;Carcassonne,CCF
Sofia,SOF;Castellón de la Plana,CDT
London,STN;Clermont-Ferrand,CFE
Bergamo,BGY;Kerkyra/corfu,CFU
Birmingham,BHX;Kerkyra/corfu,CFU
Bratislava,BTS;Kerkyra/corfu,CFU
Budapest,BUD;Kerkyra/corfu,CFU
Cologne,CGN;Kerkyra/corfu,CFU
Charleroi,CRL;Kerkyra/corfu,CFU
Edinburgh,EDI;Kerkyra/corfu,CFU
Eindhoven,EIN;Kerkyra/corfu,CFU
East Midlands,EMA;Kerkyra/corfu,CFU
Rome,FCO;Kerkyra/corfu,CFU
Frankfurt,FRA;Kerkyra/corfu,CFU
Katowice,KTW;Kerkyra/corfu,CFU
Leeds,LBA;Kerkyra/corfu,CFU
Manchester,MAN;Kerkyra/corfu,CFU
Weeze,NRN;Kerkyra/corfu,CFU
Poznan,POZ;Kerkyra/corfu,CFU
Rzeszow,RZE;Kerkyra/corfu,CFU
London,STN;Kerkyra/corfu,CFU
Treviso,TSF;Kerkyra/corfu,CFU
Warsaw,WMI;Kerkyra/corfu,CFU
Kerkyra/corfu,CFU;Cologne,CGN
Faro,FAO;Cologne,CGN
Berlin,SXF;Cologne,CGN
Athens,ATH;Chania,CHQ
Bergamo,BGY;Chania,CHQ
Birmingham,BHX;Chania,CHQ
Bremen,BRE;Chania,CHQ
Bristol,BRS;Chania,CHQ
Charleroi,CRL;Chania,CHQ
Dublin,DUB;Chania,CHQ
Eindhoven,EIN;Chania,CHQ
East Midlands,EMA;Chania,CHQ
Rome,FCO;Chania,CHQ
Memmingen,FMM;Chania,CHQ
Frankfurt,FRA;Chania,CHQ
Glasgow,GLA;Chania,CHQ
Hahn,HHN;Chania,CHQ
Krakow,KRK;Chania,CHQ
Katowice,KTW;Chania,CHQ
Leeds,LBA;Chania,CHQ
Manchester,MAN;Chania,CHQ
Weeze,NRN;Chania,CHQ
Paphos,PFO;Chania,CHQ
Pisa,PSA;Chania,CHQ
Thessaloniki,SKG;Chania,CHQ
London,STN;Chania,CHQ
Treviso,TSF;Chania,CHQ
Vilnius,VNO;Chania,CHQ
Warsaw,WMI;Chania,CHQ
Wroclaw,WRO;Chania,CHQ
Billund,BLL;Rome,CIA
East Midlands,EMA;Rome,CIA
Karlsruhe/Baden-Baden,FKB;Rome,CIA
Gothenborg,GOT;Rome,CIA
Tarbes,LDE;Rome,CIA
Weeze,NRN;Rome,CIA
Stockholm,NYO;Rome,CIA
Paphos,PFO;Rome,CIA
Prestwick,PIK;Rome,CIA
Palma de Mallorca,PMI;Rome,CIA
Rome,FCO;Comiso,CIY
Weeze,NRN;Comiso,CIY
London,STN;Comiso,CIY
Naples,NAP;Copenhagen,CPH
Porto,OPO;Copenhagen,CPH
Thessaloniki,SKG;Copenhagen,CPH
Valencia,VLC;Copenhagen,CPH
Alghero,AHO;Charleroi,CRL
Kerkyra/corfu,CFU;Charleroi,CRL
Chania,CHQ;Charleroi,CRL
Bergerac,EGC;Charleroi,CRL
Figari,FSC;Charleroi,CRL
Gerona,GRO;Charleroi,CRL
Ibiza,IBZ;Charleroi,CRL
Almeria,LEI;Charleroi,CRL
La Rochelle,LRH;Charleroi,CRL
Malta,MLA;Charleroi,CRL
Perugia,PEG;Charleroi,CRL
Palermo,PMO;Charleroi,CRL
Pula,PUY;Charleroi,CRL
Rodez,RDZ;Charleroi,CRL
Reus,REU;Charleroi,CRL
Rhodos,RHO;Charleroi,CRL
Tel-aviv,TLV;Charleroi,CRL
Villafranca,VRN;Charleroi,CRL
Zadar,ZAD;Charleroi,CRL
Marseille,MRS;Catania,CTA
Dublin,DUB;Cardiff,CWL
Faro,FAO;Cardiff,CWL
East Midlands,EMA;Dinard,DNR
London,STN;Deauville,DOL
Athens,ATH;Dublin,DUB
Biarritz-bayonne,BIQ;Dublin,DUB
Bremen,BRE;Dublin,DUB
Bari,BRI;Dublin,DUB
Chania,CHQ;Dublin,DUB
Cardiff,CWL;Dublin,DUB
Gerona,GRO;Dublin,DUB
Ibiza,IBZ;Dublin,DUB
Almeria,LEI;Dublin,DUB
La Rochelle,LRH;Dublin,DUB
Paphos,PFO;Dublin,DUB
Palma de Mallorca,PMI;Dublin,DUB
Palermo,PMO;Dublin,DUB
Pisa,PSA;Dublin,DUB
Marrakech,RAK;Dublin,DUB
Reus,REU;Dublin,DUB
Santander,SDR;Dublin,DUB
Tallinn-ulemiste International,TLL;Dublin,DUB
Tours,TUF;Dublin,DUB
Vigo,VGO;Dublin,DUB
Zadar,ZAD;Dublin,DUB
Bordeaux,BOD;Edinburgh,EDI
Beziers,BZR;Edinburgh,EDI
Kerkyra/corfu,CFU;Edinburgh,EDI
Rome,FCO;Edinburgh,EDI
Gothenborg,GOT;Edinburgh,EDI
Gerona,GRO;Edinburgh,EDI
Hamburg,HAM;Edinburgh,EDI
Hahn,HHN;Edinburgh,EDI
Ibiza,IBZ;Edinburgh,EDI
Kaunas,KUN;Edinburgh,EDI
Palma de Mallorca,PMI;Edinburgh,EDI
Pisa,PSA;Edinburgh,EDI
London,STN;Edinburgh,EDI
Szczecin,SZZ;Edinburgh,EDI
Vigo,VGO;Edinburgh,EDI
Bergamo,BGY;Keffallinia,EFL
Frankfurt,FRA;Keffallinia,EFL
London,STN;Keffallinia,EFL
Charleroi,CRL;Bergerac,EGC
East Midlands,EMA;Bergerac,EGC
Liverpool,LPL;Bergerac,EGC
Alghero,AHO;Eindhoven,EIN
Kerkyra/corfu,CFU;Eindhoven,EIN
Chania,CHQ;Eindhoven,EIN
Ibiza,IBZ;Eindhoven,EIN
Barcelona,BCN;East Midlands,EMA
Carcassonne,CCF;East Midlands,EMA
Kerkyra/corfu,CFU;East Midlands,EMA
Chania,CHQ;East Midlands,EMA
Rome,CIA;East Midlands,EMA
Dinard,DNR;East Midlands,EMA
Bergerac,EGC;East Midlands,EMA
Gerona,GRO;East Midlands,EMA
Ibiza,IBZ;East Midlands,EMA
Menorca,MAH;East Midlands,EMA
Naples,NAP;East Midlands,EMA
Palma de Mallorca,PMI;East Midlands,EMA
Pisa,PSA;East Midlands,EMA
Reus,REU;East Midlands,EMA
Rhodos,RHO;East Midlands,EMA
Valencia,VLC;East Midlands,EMA
Aberdeen,ABZ;Faro,FAO
Bremen,BRE;Faro,FAO
Cologne,CGN;Faro,FAO
Cardiff,CWL;Faro,FAO
Hamburg,HAM;Faro,FAO
London,LTN;Faro,FAO
Marseille,MRS;Faro,FAO
Newcastle,NCL;Faro,FAO
Connaught,NOC;Faro,FAO
Newquai,NQY;Faro,FAO
Cork,ORK;Faro,FAO
Shannon,SNN;Faro,FAO
Warsaw,WMI;Faro,FAO
Kerkyra/corfu,CFU;Rome,FCO
Chania,CHQ;Rome,FCO
Comiso,CIY;Rome,FCO
Edinburgh,EDI;Rome,FCO
Ibiza,IBZ;Rome,FCO
Manchester,MAN;Rome,FCO
Marseille,MRS;Rome,FCO
London,STN;Rome,FCO
Sevilla,SVQ;Rome,FCO
Pisa,PSA;Fes,FEZ
Athens,ATH;Karlsruhe/Baden-Baden,FKB
Rome,CIA;Karlsruhe/Baden-Baden,FKB
Lamezia,SUF;Karlsruhe/Baden-Baden,FKB
Zadar,ZAD;Karlsruhe/Baden-Baden,FKB
Alghero,AHO;Memmingen,FMM
Athens,ATH;Memmingen,FMM
Bourgas,BOJ;Memmingen,FMM
Chania,CHQ;Memmingen,FMM
Gerona,GRO;Memmingen,FMM
Sofia,SOF;Memmingen,FMM
London,STN;Nimes,FNI
Agadir,AGA;Frankfurt,FRA
Kerkyra/corfu,CFU;Frankfurt,FRA
Chania,CHQ;Frankfurt,FRA
Keffallinia,EFL;Frankfurt,FRA
Gerona,GRO;Frankfurt,FRA
Mykonos,JMK;Frankfurt,FRA
Thira,JTR;Frankfurt,FRA
Murcia,MJV;Frankfurt,FRA
Marseille,MRS;Frankfurt,FRA
Perugia,PEG;Frankfurt,FRA
Perpignan,PGF;Frankfurt,FRA
Pula,PUY;Frankfurt,FRA
Rijeka,RJK;Frankfurt,FRA
Zadar,ZAD;Frankfurt,FRA
Beauvais,BVA;Figari,FSC
Charleroi,CRL;Figari,FSC
Alicante,ALC;Gdansk,GDN
Athens,ATH;Gdansk,GDN
Naples,NAP;Gdansk,GDN
Newcastle,NCL;Gdansk,GDN
Pisa,PSA;Gdansk,GDN
Bydgoszcz,BZG;Glasgow,GLA
Carcassonne,CCF;Glasgow,GLA
Chania,CHQ;Glasgow,GLA
Gran Canaria,LPA;Glasgow,GLA
Palanga,PLQ;Glasgow,GLA
London,STN;Glasgow,GLA
Bergamo,BGY;Gothenborg,GOT
Rome,CIA;Gothenborg,GOT
Edinburgh,EDI;Gothenborg,GOT
Malta,MLA;Gothenborg,GOT
Palma de Mallorca,PMI;Gothenborg,GOT
Pisa,PSA;Gothenborg,GOT
Thessaloniki,SKG;Gothenborg,GOT
Zadar,ZAD;Gothenborg,GOT
Belfast,BFS;Gerona,GRO
Birmingham,BHX;Gerona,GRO
Billund,BLL;Gerona,GRO
Bournemouth,BOH;Gerona,GRO
Bremen,BRE;Gerona,GRO
Bristol,BRS;Gerona,GRO
Beauvais,BVA;Gerona,GRO
Charleroi,CRL;Gerona,GRO
Dublin,DUB;Gerona,GRO
Edinburgh,EDI;Gerona,GRO
East Midlands,EMA;Gerona,GRO
Memmingen,FMM;Gerona,GRO
Frankfurt,FRA;Gerona,GRO
Leeds,LBA;Gerona,GRO
Liverpool,LPL;Gerona,GRO
London,LTN;Gerona,GRO
Manchester,MAN;Gerona,GRO
Malta,MLA;Gerona,GRO
Maastricht,MST;Gerona,GRO
Newcastle,NCL;Gerona,GRO
Weeze,NRN;Gerona,GRO
Prestwick,PIK;Gerona,GRO
Poznan,POZ;Gerona,GRO
Pescara,PSR;Gerona,GRO
Riga,RIX;Gerona,GRO
Thessaloniki,SKG;Gerona,GRO
London,STN;Gerona,GRO
Tallinn-ulemiste International,TLL;Gerona,GRO
Wroclaw,WRO;Gerona,GRO
Edinburgh,EDI;Hamburg,HAM
Faro,FAO;Hamburg,HAM
Katowice,KTW;Hamburg,HAM
Thessaloniki,SKG;Hamburg,HAM
Lamezia,SUF;Hamburg,HAM
Sandefjord,TRF;Hamburg,HAM
Treviso,TSF;Hamburg,HAM
Villafranca,VRN;Hamburg,HAM
Malaga,AGP;Haugesund,HAU
Alicante,ALC;Haugesund,HAU
Alghero,AHO;Hahn,HHN
Bourgas,BOJ;Hahn,HHN
Chania,CHQ;Hahn,HHN
Edinburgh,EDI;Hahn,HHN
Ibiza,IBZ;Hahn,HHN
Montpellier,MPL;Hahn,HHN
Newquai,NQY;Hahn,HHN
Ponta Delgada,PDL;Hahn,HHN
Pula,PUY;Hahn,HHN
Reus,REU;Hahn,HHN
Tel-aviv,TLV;Hahn,HHN
Zadar,ZAD;Hahn,HHN
Bergamo,BGY;Ibiza,IBZ
Birmingham,BHX;Ibiza,IBZ
Bologna,BLQ;Ibiza,IBZ
Bristol,BRS;Ibiza,IBZ
Charleroi,CRL;Ibiza,IBZ
Dublin,DUB;Ibiza,IBZ
Edinburgh,EDI;Ibiza,IBZ
Eindhoven,EIN;Ibiza,IBZ
East Midlands,EMA;Ibiza,IBZ
Rome,FCO;Ibiza,IBZ
Hahn,HHN;Ibiza,IBZ
Leeds,LBA;Ibiza,IBZ
Liverpool,LPL;Ibiza,IBZ
Manchester,MAN;Ibiza,IBZ
Marseille,MRS;Ibiza,IBZ
Weeze,NRN;Ibiza,IBZ
Prestwick,PIK;Ibiza,IBZ
Pisa,PSA;Ibiza,IBZ
London,STN;Ibiza,IBZ
Torino,TRN;Ibiza,IBZ
Treviso,TSF;Ibiza,IBZ
Athens,ATH;Mykonos,JMK
Frankfurt,FRA;Mykonos,JMK
Frankfurt,FRA;Thira,JTR
Alicante,ALC;Kerry,KIR
Bourgas,BOJ;Krakow,KRK
Chania,CHQ;Krakow,KRK
Tarbes,LDE;Krakow,KRK
Paphos,PFO;Krakow,KRK
Palma de Mallorca,PMI;Krakow,KRK
Pescara,PSR;Krakow,KRK
Lamezia,SUF;Krakow,KRK
Kerkyra/corfu,CFU;Katowice,KTW
Chania,CHQ;Katowice,KTW
Hamburg,HAM;Katowice,KTW
Edinburgh,EDI;Kaunas,KUN
Paphos,PFO;Kaunas,KUN
Palma de Mallorca,PMI;Kaunas,KUN
Rhodos,RHO;Kaunas,KUN
Tel-aviv,TLV;Kaunas,KUN
Kerkyra/corfu,CFU;Leeds,LBA
Chania,CHQ;Leeds,LBA
Gerona,GRO;Leeds,LBA
Ibiza,IBZ;Leeds,LBA
Limoges,LIG;Leeds,LBA
Palma de Mallorca,PMI;Leeds,LBA
Pisa,PSA;Leeds,LBA
Treviso,TSF;Leeds,LBA
Athens,ATH;Lodz,LCJ
Bergamo,BGY;Tarbes,LDE
Rome,CIA;Tarbes,LDE
Krakow,KRK;Tarbes,LDE
Charleroi,CRL;Almeria,LEI
Dublin,DUB;Almeria,LEI
London,STN;Almeria,LEI
Belfast,BFS;London,LGW
Bristol,BRS;Limoges,LIG
Leeds,LBA;Limoges,LIG
Porto,OPO;Lille,LIL
Bremen,BRE;Lisbon,LIS
Bournemouth,BOH;Gran Canaria,LPA
Glasgow,GLA;Gran Canaria,LPA
Liverpool,LPL;Gran Canaria,LPA
London,LTN;Gran Canaria,LPA
Porto,OPO;Gran Canaria,LPA
Bari,BRI;Liverpool,LPL
Bergerac,EGC;Liverpool,LPL
Gerona,GRO;Liverpool,LPL
Ibiza,IBZ;Liverpool,LPL
Gran Canaria,LPA;Liverpool,LPL
Palma de Mallorca,PMI;Liverpool,LPL
Pisa,PSA;Liverpool,LPL
Reus,REU;Liverpool,LPL
Athens,ATH;Lappeenranta,LPP
Charleroi,CRL;La Rochelle,LRH
Dublin,DUB;La Rochelle,LRH
Porto,OPO;La Rochelle,LRH
Faro,FAO;London,LTN
Gerona,GRO;London,LTN
Gran Canaria,LPA;London,LTN
Barcelona,BCN;Menorca,MAH
East Midlands,EMA;Menorca,MAH
Valencia,VLC;Menorca,MAH
Brindisi,BDS;Manchester,MAN
Bologna,BLQ;Manchester,MAN
Beziers,BZR;Manchester,MAN
Kerkyra/corfu,CFU;Manchester,MAN
Chania,CHQ;Manchester,MAN
Rome,FCO;Manchester,MAN
Gerona,GRO;Manchester,MAN
Ibiza,IBZ;Manchester,MAN
Zadar,ZAD;Manchester,MAN
Bournemouth,BOH;Murcia,MJV
Frankfurt,FRA;Murcia,MJV
Prestwick,PIK;Murcia,MJV
Aberdeen,ABZ;Malta,MLA
Barcelona,BCN;Malta,MLA
Billund,BLL;Malta,MLA
Bratislava,BTS;Malta,MLA
Budapest,BUD;Malta,MLA
Beauvais,BVA;Malta,MLA
Charleroi,CRL;Malta,MLA
Rome,FCO;Malta,MLA
Gothenborg,GOT;Malta,MLA
Gerona,GRO;Malta,MLA
Weeze,NRN;Malta,MLA
Porto,OPO;Malta,MLA
Pescara,PSR;Malta,MLA
Sevilla,SVQ;Malta,MLA
Tallinn-ulemiste International,TLL;Malta,MLA
Hahn,HHN;Montpellier,MPL
Catania,CTA;Marseille,MRS
Faro,FAO;Marseille,MRS
Rome,FCO;Marseille,MRS
Frankfurt,FRA;Marseille,MRS
Ibiza,IBZ;Marseille,MRS
Palma de Mallorca,PMI;Marseille,MRS
Tours,TUF;Marseille,MRS
Zadar,ZAD;Marseille,MRS
Bari,BRI;Maastricht,MST
Gerona,GRO;Maastricht,MST
Bremen,BRE;Naples,NAP
Copenhagen,CPH;Naples,NAP
East Midlands,EMA;Naples,NAP
Gdansk,GDN;Naples,NAP
Stockholm,NYO;Naples,NAP
Faro,FAO;Newcastle,NCL
Gdansk,GDN;Newcastle,NCL
Gerona,GRO;Newcastle,NCL
Palma de Mallorca,PMI;Newcastle,NCL
Malaga,AGP;Connaught,NOC
Bristol,BRS;Connaught,NOC
Faro,FAO;Connaught,NOC
Tenerife,TFS;Connaught,NOC
Alicante,ALC;Newquai,NQY
Faro,FAO;Newquai,NQY
Hahn,HHN;Newquai,NQY
Agadir,AGA;Weeze,NRN
Ancona,AOI;Weeze,NRN
Bourgas,BOJ;Weeze,NRN
Bydgoszcz,BZG;Weeze,NRN
Beziers,BZR;Weeze,NRN
Cagliari,CAG;Weeze,NRN
Kerkyra/corfu,CFU;Weeze,NRN
Chania,CHQ;Weeze,NRN
Rome,CIA;Weeze,NRN
Comiso,CIY;Weeze,NRN
Gerona,GRO;Weeze,NRN
Ibiza,IBZ;Weeze,NRN
Malta,MLA;Weeze,NRN
Porto,OPO;Weeze,NRN
Oujda,OUD;Weeze,NRN
Palma de Mallorca,PMI;Weeze,NRN
Pisa,PSA;Weeze,NRN
Pescara,PSR;Weeze,NRN
Santander,SDR;Weeze,NRN
Lamezia,SUF;Weeze,NRN
Tel-aviv,TLV;Weeze,NRN
Vaxjo,VXO;Weeze,NRN
Zadar,ZAD;Weeze,NRN
Malaga,AGP;Nuernberg,NUE
Alicante,ALC;Nuernberg,NUE
Bremen,BRE;Stockholm,NYO
Beziers,BZR;Stockholm,NYO
Rome,CIA;Stockholm,NYO
Naples,NAP;Stockholm,NYO
Paphos,PFO;Stockholm,NYO
Palma de Mallorca,PMI;Stockholm,NYO
Pisa,PSA;Stockholm,NYO
Rhodos,RHO;Stockholm,NYO
Rijeka,RJK;Stockholm,NYO
Thessaloniki,SKG;Stockholm,NYO
Sofia,SOF;Stockholm,NYO
Treviso,TSF;Stockholm,NYO
Zadar,ZAD;Stockholm,NYO
Birmingham,BHX;Porto,OPO
Bologna,BLQ;Porto,OPO
Bremen,BRE;Porto,OPO
Copenhagen,CPH;Porto,OPO
Lille,LIL;Porto,OPO
Gran Canaria,LPA;Porto,OPO
La Rochelle,LRH;Porto,OPO
Malta,MLA;Porto,OPO
Weeze,NRN;Porto,OPO
Palma de Mallorca,PMI;Porto,OPO
Faro,FAO;Cork,ORK
Palma de Mallorca,PMI;Cork,ORK
Paphos,PFO;Bucharest,OTP
Palermo,PMO;Bucharest,OTP
Weeze,NRN;Oujda,OUD
Hahn,HHN;Ponta Delgada,PDL
Charleroi,CRL;Perugia,PEG
Frankfurt,FRA;Perugia,PEG
Bergamo,BGY;Paphos,PFO
Bratislava,BTS;Paphos,PFO
Budapest,BUD;Paphos,PFO
Chania,CHQ;Paphos,PFO
Rome,CIA;Paphos,PFO
Dublin,DUB;Paphos,PFO
Krakow,KRK;Paphos,PFO
Kaunas,KUN;Paphos,PFO
Stockholm,NYO;Paphos,PFO
Bucharest,OTP;Paphos,PFO
Riga,RIX;Paphos,PFO
Sofia,SOF;Paphos,PFO
Tallinn-ulemiste International,TLL;Paphos,PFO
Birmingham,BHX;Perpignan,PGF
Frankfurt,FRA;Perpignan,PGF
London,STN;Perpignan,PGF
Rome,CIA;Prestwick,PIK
Gerona,GRO;Prestwick,PIK
Ibiza,IBZ;Prestwick,PIK
Murcia,MJV;Prestwick,PIK
Palma de Mallorca,PMI;Prestwick,PIK
Pisa,PSA;Prestwick,PIK
Glasgow,GLA;Palanga,PLQ
Bergamo,BGY;Palma de Mallorca,PMI
Birmingham,BHX;Palma de Mallorca,PMI
Billund,BLL;Palma de Mallorca,PMI
Bologna,BLQ;Palma de Mallorca,PMI
Bournemouth,BOH;Palma de Mallorca,PMI
Bristol,BRS;Palma de Mallorca,PMI
Brussels,BRU;Palma de Mallorca,PMI
Bratislava,BTS;Palma de Mallorca,PMI
Beauvais,BVA;Palma de Mallorca,PMI
Rome,CIA;Palma de Mallorca,PMI
Dublin,DUB;Palma de Mallorca,PMI
Edinburgh,EDI;Palma de Mallorca,PMI
East Midlands,EMA;Palma de Mallorca,PMI
Gothenborg,GOT;Palma de Mallorca,PMI
Krakow,KRK;Palma de Mallorca,PMI
Kaunas,KUN;Palma de Mallorca,PMI
Leeds,LBA;Palma de Mallorca,PMI
Liverpool,LPL;Palma de Mallorca,PMI
Marseille,MRS;Palma de Mallorca,PMI
Newcastle,NCL;Palma de Mallorca,PMI
Weeze,NRN;Palma de Mallorca,PMI
Stockholm,NYO;Palma de Mallorca,PMI
Porto,OPO;Palma de Mallorca,PMI
Cork,ORK;Palma de Mallorca,PMI
Prestwick,PIK;Palma de Mallorca,PMI
Shannon,SNN;Palma de Mallorca,PMI
Wroclaw,WRO;Palma de Mallorca,PMI
Charleroi,CRL;Palermo,PMO
Dublin,DUB;Palermo,PMO
Bucharest,OTP;Palermo,PMO
Kerkyra/corfu,CFU;Poznan,POZ
Gerona,GRO;Poznan,POZ
Billund,BLL;Pisa,PSA
Chania,CHQ;Pisa,PSA
Dublin,DUB;Pisa,PSA
Edinburgh,EDI;Pisa,PSA
East Midlands,EMA;Pisa,PSA
Fes,FEZ;Pisa,PSA
Gdansk,GDN;Pisa,PSA
Gothenborg,GOT;Pisa,PSA
Ibiza,IBZ;Pisa,PSA
Leeds,LBA;Pisa,PSA
Liverpool,LPL;Pisa,PSA
Weeze,NRN;Pisa,PSA
Stockholm,NYO;Pisa,PSA
Prestwick,PIK;Pisa,PSA
Sofia,SOF;Pisa,PSA
Warsaw,WMI;Pisa,PSA
Gerona,GRO;Pescara,PSR
Krakow,KRK;Pescara,PSR
Malta,MLA;Pescara,PSR
Weeze,NRN;Pescara,PSR
Charleroi,CRL;Pula,PUY
Frankfurt,FRA;Pula,PUY
Hahn,HHN;Pula,PUY
London,STN;Pula,PUY
Dublin,DUB;Marrakech,RAK
Charleroi,CRL;Rodez,RDZ
Birmingham,BHX;Reus,REU
Charleroi,CRL;Reus,REU
Dublin,DUB;Reus,REU
East Midlands,EMA;Reus,REU
Hahn,HHN;Reus,REU
Liverpool,LPL;Reus,REU
Shannon,SNN;Reus,REU
Bergamo,BGY;Rhodos,RHO
Charleroi,CRL;Rhodos,RHO
East Midlands,EMA;Rhodos,RHO
Kaunas,KUN;Rhodos,RHO
Stockholm,NYO;Rhodos,RHO
London,STN;Rhodos,RHO
Bourgas,BOJ;Riga,RIX
Gerona,GRO;Riga,RIX
Paphos,PFO;Riga,RIX
Frankfurt,FRA;Rijeka,RJK
Stockholm,NYO;Rijeka,RJK
Athens,ATH;Rzeszow,RZE
Bourgas,BOJ;Rzeszow,RZE
Kerkyra/corfu,CFU;Rzeszow,RZE
Bergamo,BGY;Santander,SDR
Budapest,BUD;Santander,SDR
Dublin,DUB;Santander,SDR
Weeze,NRN;Santander,SDR
Bologna,BLQ;Thessaloniki,SKG
Bremen,BRE;Thessaloniki,SKG
Bratislava,BTS;Thessaloniki,SKG
Beauvais,BVA;Thessaloniki,SKG
Chania,CHQ;Thessaloniki,SKG
Copenhagen,CPH;Thessaloniki,SKG
Gothenborg,GOT;Thessaloniki,SKG
Gerona,GRO;Thessaloniki,SKG
Hamburg,HAM;Thessaloniki,SKG
Stockholm,NYO;Thessaloniki,SKG
Warsaw,WMI;Thessaloniki,SKG
Alicante,ALC;Shannon,SNN
Faro,FAO;Shannon,SNN
Palma de Mallorca,PMI;Shannon,SNN
Reus,REU;Shannon,SNN
Castellón de la Plana,CDT;Sofia,SOF
Memmingen,FMM;Sofia,SOF
Stockholm,NYO;Sofia,SOF
Paphos,PFO;Sofia,SOF
Pisa,PSA;Sofia,SOF
Treviso,TSF;Sofia,SOF
Alghero,AHO;London,STN
Brive,BVE;London,STN
Beziers,BZR;London,STN
Clermont-Ferrand,CFE;London,STN
Kerkyra/corfu,CFU;London,STN
Chania,CHQ;London,STN
Comiso,CIY;London,STN
Deauville,DOL;London,STN
Edinburgh,EDI;London,STN
Keffallinia,EFL;London,STN
Rome,FCO;London,STN
Nimes,FNI;London,STN
Glasgow,GLA;London,STN
Gerona,GRO;London,STN
Ibiza,IBZ;London,STN
Almeria,LEI;London,STN
Perpignan,PGF;London,STN
Pula,PUY;London,STN
Rhodos,RHO;London,STN
Strasbourg,SXB;London,STN
Zadar,ZAD;London,STN
Karlsruhe/Baden-Baden,FKB;Lamezia,SUF
Hamburg,HAM;Lamezia,SUF
Krakow,KRK;Lamezia,SUF
Weeze,NRN;Lamezia,SUF
Rome,FCO;Sevilla,SVQ
Malta,MLA;Sevilla,SVQ
London,STN;Strasbourg,SXB
Cologne,CGN;Berlin,SXF
Tel-aviv,TLV;Berlin,SXF
Villafranca,VRN;Berlin,SXF
Zadar,ZAD;Berlin,SXF
Edinburgh,EDI;Szczecin,SZZ
Connaught,NOC;Tenerife,TFS
Bremen,BRE;Tallinn-ulemiste International,TLL
Dublin,DUB;Tallinn-ulemiste International,TLL
Gerona,GRO;Tallinn-ulemiste International,TLL
Malta,MLA;Tallinn-ulemiste International,TLL
Paphos,PFO;Tallinn-ulemiste International,TLL
Bourgas,BOJ;Tel-aviv,TLV
Bremen,BRE;Tel-aviv,TLV
Bratislava,BTS;Tel-aviv,TLV
Budapest,BUD;Tel-aviv,TLV
Charleroi,CRL;Tel-aviv,TLV
Hahn,HHN;Tel-aviv,TLV
Kaunas,KUN;Tel-aviv,TLV
Weeze,NRN;Tel-aviv,TLV
Berlin,SXF;Tel-aviv,TLV
Warsaw,WMI;Tel-aviv,TLV
Bremen,BRE;Tampere,TMP
Budapest,BUD;Tampere,TMP
Malaga,AGP;Sandefjord,TRF
Hamburg,HAM;Sandefjord,TRF
Ibiza,IBZ;Torino,TRN
Kerkyra/corfu,CFU;Treviso,TSF
Chania,CHQ;Treviso,TSF
Hamburg,HAM;Treviso,TSF
Ibiza,IBZ;Treviso,TSF
Leeds,LBA;Treviso,TSF
Stockholm,NYO;Treviso,TSF
Sofia,SOF;Treviso,TSF
Dublin,DUB;Tours,TUF
Marseille,MRS;Tours,TUF
Bergamo,BGY;Vigo,VGO
Bologna,BLQ;Vigo,VGO
Dublin,DUB;Vigo,VGO
Edinburgh,EDI;Vigo,VGO
Copenhagen,CPH;Valencia,VLC
East Midlands,EMA;Valencia,VLC
Menorca,MAH;Valencia,VLC
Athens,ATH;Vilnius,VNO
Chania,CHQ;Vilnius,VNO
Charleroi,CRL;Villafranca,VRN
Hamburg,HAM;Villafranca,VRN
Berlin,SXF;Villafranca,VRN
Malaga,AGP;Vasteras,VST
Alicante,ALC;Vasteras,VST
Alicante,ALC;Vaxjo,VXO
Weeze,NRN;Vaxjo,VXO
Bourgas,BOJ;Warsaw,WMI
Cagliari,CAG;Warsaw,WMI
Kerkyra/corfu,CFU;Warsaw,WMI
Chania,CHQ;Warsaw,WMI
Faro,FAO;Warsaw,WMI
Pisa,PSA;Warsaw,WMI
Thessaloniki,SKG;Warsaw,WMI
Tel-aviv,TLV;Warsaw,WMI
Alicante,ALC;Wroclaw,WRO
Athens,ATH;Wroclaw,WRO
Chania,CHQ;Wroclaw,WRO
Gerona,GRO;Wroclaw,WRO
Palma de Mallorca,PMI;Wroclaw,WRO
Beauvais,BVA;Zadar,ZAD
Charleroi,CRL;Zadar,ZAD
Dublin,DUB;Zadar,ZAD
Karlsruhe/Baden-Baden,FKB;Zadar,ZAD
Frankfurt,FRA;Zadar,ZAD
Gothenborg,GOT;Zadar,ZAD
Hahn,HHN;Zadar,ZAD
Manchester,MAN;Zadar,ZAD
Marseille,MRS;Zadar,ZAD
Weeze,NRN;Zadar,ZAD
Stockholm,NYO;Zadar,ZAD
London,STN;Zadar,ZAD
Berlin,SXF;Zadar,ZAD
Beauvais,BVA;Zaragoza,ZAZ
